"","4","16","17","23","24","25","31","32","33","37","38","40","44","46","47","53","54","57","58","61","62","64","65","68","73","75","81","82","90","91","102","104","106","109","110","112","114","115","116","119","120","122","123","124","125","126","128","129","130","132","135","139","143","144","145","146","147","156","157","158","159","160","185","197","200","202","204","205","207","208","210","211","212","215","218","219","223","228","231","232","235","245","255","265","266","271","272","277","otro"
"4",0.000274969993814566,0.00038882177678469,0.00102208905593527,0.000935403343634074,0.000280702361608895,0.000825568883400479,0.000221868179008527,0.000169918383986474,0.00180150886357165,0.014732951723358,0.00143144259495873,0.000189111534257657,9.46397034514492e-05,0.000154060058658782,0.000489285262708131,0.0017712545547783,0.000726830823062072,0.000333874732280006,0.000197386994597669,0.000464670419251853,0.000384277779292933,0.000182348673955063,0.000116985713331723,0.00247155379811614,0.0764466313096734,0.000601114918521323,0.000638031682135885,0.00167790873300187,5.91135694838472e-09,8.0212452753898e-05,0.000165818394737574,0.000891814020735344,0.00172908803921817,0.000585629660119667,0.000210882409954283,0.000149225588781698,8.93631153302926e-05,0.000592468799783339,0.000945850851634969,0.000243309564488299,0.00206045032874223,0.000324496992990668,3.0892128299531e-10,0.00019978848716827,9.19058899485078e-05,0.000344609527905731,0.00161119751935134,0.000185943481871708,0.000191328264613143,0.000186417454503015,0.000635692664116664,0.000252662358208287,3.27334106620106e-05,1.39054369536003e-05,0.000334397393741319,2.37404872635157e-05,0.000186719823655568,0.00199342086248325,5.84391452159861e-06,0.000169059943986127,0.00033558325024033,9.45819906083926e-11,0.00324505801600802,0.000283100580924568,7.84253519164017e-05,0.00326164336411298,0.000662714044506077,0.000169309815031052,0.000210406607617372,1.18393666968445e-05,1,0.00394695421362923,0.000137841571953887,2.25490197360308e-05,0.0022168625935343,0.00119084588908616,0.00190688376224668,9.81669170956322e-05,0.00501791608063547,0.000163478127935698,5.68503241622191e-09,3.94295313274837e-06,4.15454375472278e-09,0.000284928734437892,0.00015222852520647,0.000174618962628104,0.000293437190174919,0.000195738893206243,0.000636054953079516
"16",NA,0.000127502277853599,0.000474127859711101,0.000433895805257211,0.000130160749788577,0.000382925467967096,0.000102876288386336,7.87859062073215e-05,0.00083603573104716,0.00688499979215869,0.000664165163614624,8.76860799324469e-05,4.38797353408597e-05,7.14322829286439e-05,0.000226905335636508,0.000821982102512595,0.000337109710458621,0.000154821017096677,9.15236010749999e-05,0.000215487391676757,0.000178198227165578,8.45500114878161e-05,5.42411216755659e-05,0.00114739978951773,0.0369581397319925,0.000278782903863913,0.000295909888286937,0.000778624296351837,2.74066382944707e-09,3.71902471323354e-05,7.68846987388638e-05,0.000413666803654559,0.000802395817797039,0.000271598950107065,9.77818084078581e-05,6.91905282111202e-05,4.14331259339139e-05,0.000274771763493929,0.000438744441819645,0.000112819571249525,0.000956337017509431,0.000150471709590755,1.43224202378575e-10,9.26372347482432e-05,4.2612139158935e-05,0.000159799768319546,0.000747640549221683,8.62169902525509e-05,8.87140254012715e-05,8.643678058746e-05,0.000294824715468597,0.000117156931345493,1.51763546394039e-05,6.44698206349897e-06,0.000155063423866608,1.10068675647798e-05,8.65769951074402e-05,0.000925192673915157,2.70940419332543e-06,7.83878379981841e-05,0.000155613416411078,4.38507506875569e-11,0.00150711927126396,0.000131272964981632,3.63616286896403e-05,0.00151483559062846,0.000307361282358566,7.85037059526806e-05,9.75611638117728e-05,5.48908318423788e-06,0.999999999999861,0.00183379618254519,6.39117795465412e-05,1.04544575087944e-05,0.0010290206014184,0.000552461010037482,0.000884987684818569,4.55152154345741e-05,0.00233271909878448,7.57994965393535e-05,2.63573369812145e-09,1.82806281983464e-06,1.92615805222284e-09,0.000132120804338727,7.05829953179603e-05,8.09656234860774e-05,0.000136066776923096,9.07593358668367e-05,0.000294992796994545
"17",NA,NA,0.000335305788606879,0.00114049061478894,0.000342295561039535,0.00100659920163689,0.00027055516414051,0.00020720781446915,0.00219607244070635,0.0179089255139898,0.0017450965501095,0.000230612025065524,0.000115410761794029,0.000187869955081518,0.000596619513466634,0.00215920621506723,0.000886229114243973,0.00040713054353297,0.000240703096417604,0.000566607985783142,0.000468587393038591,0.000222365386411701,0.000142660464689614,0.00301242666238884,0.0916881662112381,0.00073296319219825,0.000777970958747555,0.00204545707999782,7.20890234484363e-09,9.78173985729629e-05,0.000202208244254533,0.00108735473027969,0.00210782361731634,0.00071408383110561,0.00025715928651984,0.000181974709437216,0.000108976220184446,0.000722422008547487,0.0011532260958299,0.000296700273343556,0.00251158415318375,0.00039569603890823,3.7672963814241e-10,0.000243631462344622,0.000112077011553219,0.000420219682033098,0.00196416142892702,0.000226748901848375,0.000233315102962564,0.00022732686443736,0.000775119322586737,0.0003081047677325,3.99181216422605e-05,1.69576346176882e-05,0.000407767835925688,2.89513836144965e-05,0.000227695573550328,0.0024299143781925,7.12664714392668e-06,0.000206161024406394,0.000409213775789672,1.15342778434938e-10,0.00395453287275444,0.000345219828627912,9.56381042150382e-05,0.00397472985582801,0.000808062518146843,0.00020646571962287,0.000256579099017264,1.44380752843941e-05,1,0.00480914592709917,0.000168092770727755,2.74984032127664e-05,0.00270215001881794,0.00145185757380075,0.00232447263698345,0.000119712018322032,0.00611261817964727,0.000199354494152749,6.93289948072728e-09,4.80842888843519e-06,5.06646790038784e-09,0.000347448984681957,0.000185636549400053,0.00021293973866356,0.000357823732999315,0.000238693409480485,0.000775561010828061
"23",NA,NA,NA,0.000306849845618658,0.000313246612362853,0.000921226007853106,0.000247592963842934,0.000189620926965495,0.00201001884916234,0.0164135602865398,0.00159718895703525,0.000211039110458111,0.000105614381134552,0.00017192409774955,0.000545999124361039,0.00197626978318797,0.000811056639531524,0.000372581417998867,0.000220273903126928,0.000518532613982859,0.000428825272422043,0.000203492252748969,0.000130551356830634,0.00275740180167153,0.0845628021813,0.000670782440811704,0.000711974705073621,0.00187213984028189,6.59692639615141e-09,8.95142569393549e-05,0.000185045619731985,0.000995139200811209,0.00192923210418066,0.000653503658218487,0.000235333735814939,0.000166529140128787,9.97259665154087e-05,0.000661134924213214,0.00105543010155269,0.000271519722546343,0.00229886165891618,0.000362116894694995,3.44748419904793e-10,0.000222953785286157,0.00010256357969242,0.000384560238640631,0.00179772018592558,0.000207503797064882,0.00021351281690807,0.000208032715817126,0.000709364805055851,0.000281956605907755,3.65295283478387e-05,1.55180945791083e-05,0.000373164649905137,2.64937166467614e-05,0.000208370137621515,0.00222409360838285,6.52165792033924e-06,0.000188662967071415,0.00037448793325514,1.05551134251242e-10,0.00362004113997279,0.000315922790104599,8.75199338253182e-05,0.00363853601421451,0.000739515448924135,0.000188941805961177,0.000234802778258035,1.3212418767855e-05,1,0.00440268679454001,0.000153825285224316,2.5164075845086e-05,0.00247332727527548,0.00132877069258165,0.00212756403933222,0.000109550575263088,0.00559661179075791,0.000182434040292559,6.34435388321172e-09,4.40023499690378e-06,4.6363668451065e-09,0.00031796282927487,0.000169880224860424,0.000194866445479072,0.00032745741605229,0.000218434747077134,0.000709769050845993
"24",NA,NA,NA,NA,9.20411127313854e-05,0.000276445182066571,7.42636394890425e-05,5.6873056183595e-05,0.000603634921512338,0.00497949082919644,0.000479517922714353,6.32979670660095e-05,3.16750868716557e-05,5.15646024292423e-05,0.000163802540608414,0.000593485593400548,0.000243366334622528,0.000111762763866952,6.60682296999959e-05,0.000155559453990116,0.000128639226531742,6.10340795054749e-05,3.91546844881265e-05,0.000828517919665525,0.0269554252913772,0.000201255765041111,0.000213620899457017,0.000562173710409063,1.97835526461464e-09,2.68461536436254e-05,5.55006052369545e-05,0.000298640812238305,0.0005793407930639,0.000196069215504585,7.05859707028371e-05,4.99463227004536e-05,2.99089536435313e-05,0.000198359867142524,0.000316747462871235,8.14416545429012e-05,0.000690518025488618,0.000108622938394661,1.03386760370513e-10,6.68721502223939e-05,3.07600472807156e-05,0.000115357002823324,0.000539798514668382,6.22374495892809e-05,6.4040028566345e-05,6.2396113429602e-05,0.000212837435928991,8.45727894167588e-05,1.09551370342226e-05,4.65377899720881e-06,0.000111937760903139,7.9453601020685e-06,6.24973325138977e-05,0.000668024630421522,1.95579188795519e-06,5.6585697056333e-05,0.000112334808751467,3.16537776296558e-11,0.00108837418603784,9.47631888977951e-05,2.62480010437405e-05,0.00109394891594731,0.000221888505073223,5.66693402885829e-05,7.0426689177026e-05,3.96231492177187e-06,0.999999999999808,0.00132440604424567,4.61357032687617e-05,7.54659909617991e-06,0.000743013843593993,0.000398856697392363,0.000638987937163595,3.28556917564923e-05,0.00168497258301418,5.47172159574986e-05,1.90261117821978e-09,1.31959253848157e-06,1.39040216508437e-09,9.53752487673672e-05,5.09515177568371e-05,5.84465606474981e-05,9.8223871758965e-05,6.55165149133245e-05,0.000212958785919975
"25",NA,NA,NA,NA,NA,0.000270799728783352,0.000218503093618141,0.000167341091765596,0.00177422780884593,0.0145126911442107,0.00140975770465626,0.000186243177930645,9.32041186026909e-05,0.000151723266231554,0.000481866204337521,0.00174443085392528,0.000715812428328198,0.00032881139679631,0.000194393144318416,0.000457624426171557,0.000378450352082244,0.000179582875142343,0.000115211202051813,0.00243415069655688,0.0753743215018859,0.000592001185488017,0.000628358591848973,0.00165249631174019,5.82167951767253e-09,7.89956968477266e-05,0.000163303280276696,0.000878296760838194,0.00170290181449255,0.000576750569517902,0.000207683911641585,0.000146962115112021,8.80075637335849e-05,0.000583486077327365,0.000931515317011971,0.000239619354510532,0.00202925597917199,0.000319575828974709,3.04234834968898e-10,0.000196758219625032,9.05117704239523e-05,0.000339383450491056,0.00158679385311211,0.000183123168297706,0.000188426292281405,0.000183589953228897,0.000626055013070849,0.000248830332257874,3.22368489453461e-05,1.3694489315013e-05,0.000329326134511847,2.33803438723775e-05,0.000183887737017262,0.00196323931437706,5.75526072669469e-06,0.000166495670264231,0.000330494013007312,9.31471474696596e-11,0.00319598664196631,0.000278807039725617,7.72357027432185e-05,0.00321232199672573,0.000652666993490302,0.000166741751937863,0.000207215324404096,1.1659761299533e-05,1,0.00388731024454724,0.000135750749128388,2.22069505158988e-05,0.00218330540897371,0.00117280151189137,0.00187800997050776,9.66778332956335e-05,0.00494216868747643,0.000160998504658319,5.59878841079854e-09,3.88313733436981e-06,4.09151781776743e-09,0.000280607475001065,0.000149919509425554,0.000171970385118679,0.000288986927896599,0.000192770035543516,0.000626411812862252
"31",NA,NA,NA,NA,NA,NA,7.27467566089705e-05,4.49505633866327e-05,0.000477147567095859,0.00393968895271799,0.000379028528664916,5.00286656676599e-05,2.50347980976809e-05,4.07548935474081e-05,0.00012946695748425,0.000469123959364265,0.000192356140256179,8.83345708842529e-05,5.22182219707464e-05,0.000122951538702544,0.000101673676331355,4.82393392747839e-05,3.09464394451793e-05,0.000654938832176853,0.0214254892016489,0.000159070647342652,0.000168844369982248,0.000444370391473179,1.56360725859113e-09,2.12181692980896e-05,4.38658113927966e-05,0.000236047684110821,0.000457941765824351,0.000154971079283892,5.57889532367586e-05,3.9475847349795e-05,2.36389040249648e-05,0.00015678166193063,0.000250360251599175,6.43690941985623e-05,0.000545834885115692,8.58528726671516e-05,8.17124668078774e-11,5.28536240240981e-05,2.43115805346691e-05,9.11754386590469e-05,0.000426681909037753,4.91904560219917e-05,5.06151749482383e-05,4.93158604015979e-05,0.000168225098605439,6.68438952117043e-05,8.6584909322171e-06,3.6781511624411e-06,8.84728875322146e-05,6.27968274371609e-06,4.93958617247496e-05,0.000528052004804232,1.54577476533246e-06,4.47234416392818e-05,8.87867118988665e-05,2.50177899433048e-11,0.000860400653425551,7.48982532667536e-05,2.07454098429358e-05,0.000864808697638027,0.000175379327954272,4.47895512368168e-05,5.5663060219952e-05,3.13164658905355e-06,0.999999999999757,0.00104704452045163,3.64640363132358e-05,5.96451810207819e-06,0.000587337803001227,0.000315265610225548,0.000505096356694691,2.59679102507161e-05,0.0013322007433335,4.32466397562069e-05,1.50374237716768e-09,1.04294970595351e-06,1.09891431347254e-09,7.53820184532168e-05,4.0270327269802e-05,4.61942239800224e-05,7.76335394252983e-05,5.17821582070805e-05,0.000168321017002241
"32",NA,NA,NA,NA,NA,NA,NA,5.57113674271351e-05,0.000365446687355188,0.00301985154830909,0.000290290775149512,3.83130558137335e-05,1.91720884373071e-05,3.12109287576418e-05,9.9150496675137e-05,0.000359300741649394,0.000147315485899043,6.76491699372178e-05,3.99898868384932e-05,9.41606087358857e-05,7.78648860369848e-05,3.69427347085136e-05,2.3699360104538e-05,0.000501637669653071,0.0164906630865976,0.000121822921806607,0.000129308341340808,0.000340340079379768,1.19743090331717e-09,1.62492324913118e-05,3.35933575713562e-05,0.000180778399147026,0.000350735411996519,0.000118683188026909,4.27244687428968e-05,3.02314000352828e-05,1.8103082301883e-05,0.000120069857151069,0.000191740399300266,4.92954378891136e-05,0.000418060938461105,6.57485754334219e-05,6.25764765227791e-11,4.04764980206942e-05,1.86182325617003e-05,6.98248351215913e-05,0.000326791244353523,3.76711289811132e-05,3.87622228835105e-05,3.77671675117783e-05,0.000128834057777615,5.11907311336052e-05,6.6307991221863e-06,2.81677872557249e-06,6.77550990225473e-05,4.8090703049655e-06,3.78284349884044e-05,0.000404439150447394,1.1837749746791e-06,3.42501556648002e-05,6.79954398067079e-05,1.91589509676549e-11,0.000659038873939769,5.73590686974188e-05,1.58871835551901e-05,0.000662415976173414,0.000134313301139421,3.43007843211362e-05,4.2628055706536e-05,2.39825770326247e-06,0.999999999999683,0.000802037060112411,2.79248747060124e-05,4.5677124054964e-06,0.000449852852356756,0.000241452357146441,0.00038685516049907,1.98866864717813e-05,0.00102053515549974,3.311917815494e-05,1.15158559358787e-09,7.9870472986318e-07,8.4156296389417e-10,5.77295554473309e-05,3.08398345188257e-05,3.53765240129111e-05,5.94538614639526e-05,3.9655935367628e-05,0.00012890751913097
"33",NA,NA,NA,NA,NA,NA,NA,NA,0.000591311681910612,0.0311641028785945,0.00307416730254166,0.000406716774994986,0.000203561039448464,0.000331345934240239,0.00105192843247921,0.00380246278260274,0.00156220750981881,0.000717935237409125,0.00042451052807373,0.000999036565788231,0.00082626965120379,0.000392175136932352,0.000251618718685774,0.00530157378193353,0.151146383194944,0.00129218796814936,0.00137148792495327,0.00360245778785052,1.2716154077067e-08,0.000172532254569334,0.000356630445653141,0.00191644904599231,0.003712121108028,0.00125892247501051,0.000453527411977281,0.000320949944333944,0.000192212765499629,0.00127361448792168,0.00203244430704081,0.000523246292543946,0.00442182836113074,0.000697777690690476,6.64532812328522e-10,0.000429674112815546,0.000197681487540398,0.00074100925661389,0.00345949445565293,0.000399904793303584,0.000411483183872087,0.000400923937719214,0.00136646373994476,0.000543353975933955,7.04114835496632e-05,2.99120576153939e-05,0.000719058690778257,5.106770723716e-05,0.000401574096689573,0.00427830914414372,1.25709915199048e-05,0.000363600783418565,0.000721607667426703,2.03459067697473e-10,0.00695459389172949,0.000608790479527393,0.00016868865307411,0.00699000555687003,0.00142450372028987,0.000364138081620356,0.000452504390904124,2.54677837308713e-05,1,0.00845204776321989,0.000296469425016928,4.85048307944603e-05,0.00475664240289557,0.00255816896367846,0.00409298874299602,0.000211146884729393,0.0107322452068073,0.000351598112773215,1.22292984145351e-08,8.48180422167033e-06,8.93700364790977e-09,0.000612720522787855,0.000327407438818947,0.00037555427915181,0.00063101121945802,0.000420966835720017,0.00136724193442628
"37",NA,NA,NA,NA,NA,NA,NA,NA,NA,0.00487827030971842,0.0249129049641321,0.00335987744416205,0.00168409806375115,0.00273874017991267,0.00864941749448371,0.0306558809857879,0.0127979401830977,0.0059174681991658,0.00350641799453492,0.00821765986055612,0.00680505450690973,0.00324009157280143,0.0020809606059936,0.0422924275201055,0.596009078450528,0.0106065124628722,0.0112509813685427,0.0290846559596601,1.0535910058302e-07,0.00142771346669886,0.0029471877449683,0.015660002407949,0.0299467153059363,0.0103359448786553,0.00374530547121184,0.00265301256799951,0.00159034298869049,0.0104554595777315,0.0165940117505181,0.0043188692111693,0.0354934337787647,0.00575216314221659,5.50595605698845e-09,0.0035489356345307,0.00163552539956906,0.00610663095888854,0.0279588088800722,0.00330376730433631,0.00339913494487023,0.00331216232719482,0.0112101718111913,0.00448418340178834,0.000583091997479127,0.000247780981864985,0.00592667983005588,0.000422961778398752,0.00331751783240916,0.0343762460288681,0.000104146834318617,0.00300463830759437,0.0059475793241892,1.68575075469312e-09,0.054843206863497,0.00502183213863422,0.001395946503242,0.0551089276575426,0.0116814284323323,0.00300906655786281,0.00373688495145112,0.000210973007095366,1,0.065967002891864,0.00245108965548994,0.000401742579245623,0.0380909276565746,0.020807787877021,0.032930311932851,0.00174676076827268,0.0824730186583841,0.00290570688971597,1.01325281093488e-07,7.0271256842485e-05,7.40471282802262e-08,0.00505410647471559,0.00270626400752248,0.00310314725470596,0.00520428929049094,0.00347723691743483,0.0112164929846702
"38",NA,NA,NA,NA,NA,NA,NA,NA,NA,NA,0.000469727347422426,0.000323076208962292,0.000161692323397688,0.000263201163462564,0.000835712193955439,0.00302260484946411,0.00124123744148307,0.000570329676679819,0.000337211943486182,0.000793683228131413,0.000656405456133606,0.000311524100374489,0.000199867408727341,0.00421555995028071,0.123905969981731,0.00102663888201034,0.0010896602045976,0.00286350154129894,1.01002549799106e-08,0.000137044707091616,0.000283287123183987,0.00152280776478048,0.0029507367252902,0.00100020271608758,0.000360263792972857,0.000254942672787382,0.000152677821683287,0.00101187844880659,0.00161501599157476,0.000415651607649854,0.00351539123131017,0.000554314168628347,5.27828680725066e-10,0.000341314024004068,0.000157021895928035,0.000588662533970756,0.00274978271554581,0.000317664653744224,0.000326862735033645,0.000318474278601924,0.00108566731940222,0.000431626350997428,5.5927620290397e-05,2.3758855493989e-05,0.000571222283082282,4.05627580914762e-05,0.000318990775613108,0.0034011917224631,9.98498028179127e-06,0.000288824380770844,0.000573247498064744,1.61604557791244e-10,0.00553184627839682,0.000483613928477909,0.000133991576405946,0.00556005410458449,0.0011317941053525,0.000289251212760867,0.000359451070845388,2.02287936186298e-05,1,0.00672503063491548,0.000235495684888105,3.85270611686936e-05,0.00378183196309167,0.00203298600771424,0.00325374062581993,0.000167718163270961,0.00854332697903611,0.000279289432462419,9.71355265524906e-09,6.73698463091894e-06,7.09853112686764e-09,0.000486736288829498,0.000260072450255387,0.000298320311220113,0.000501268039090953,0.000334396750930598,0.00108628577563031
"40",NA,NA,NA,NA,NA,NA,NA,NA,NA,NA,NA,6.20050512502379e-05,2.13380372505639e-05,3.47369070841195e-05,0.000110350934485849,0.000399877042032935,0.000163955941930845,7.52913594755494e-05,4.45076023353915e-05,0.00010479742786769,8.66610242882829e-05,4.11162231657305e-05,2.63767597216958e-05,0.000558279287396046,0.0183195896847566,0.000135584180414078,0.000143915039920883,0.000378775938842298,1.33271242947861e-09,1.80849803515295e-05,3.73884749016456e-05,0.000201197996807944,0.000390344796268429,0.000132089825517097,4.75510992318325e-05,3.36467222239877e-05,2.01482635771891e-05,0.000133633114007191,0.000213397931682327,5.4864357301085e-05,0.000465270015767874,7.31760743774075e-05,6.96461464578444e-11,4.50491842117807e-05,2.07216113204844e-05,7.77127860420721e-05,0.000363697540633608,4.19269020242655e-05,4.31412533869842e-05,4.20337897389168e-05,0.000143387188865424,5.69737501543855e-05,7.37991792617044e-06,3.13500746819693e-06,7.54092542523763e-05,5.35237922341414e-06,4.21019784169119e-05,0.000450110694802394,1.3175135260942e-06,3.81194701276886e-05,7.5676743789498e-05,2.13234617738946e-11,0.000733440155972495,6.38388805811997e-05,1.76820298646468e-05,0.000737198230246703,0.000149485276551222,3.81758181949167e-05,4.74437948248918e-05,2.66920368917533e-06,0.999999999999715,0.000892567505825786,3.10796306527094e-05,5.08375384304783e-06,0.000500650198882755,0.000268723463753284,0.000430541877042339,2.21333645447372e-05,0.00113570068096799,3.68607283423345e-05,1.28168767812775e-09,8.88939497149553e-07,9.36639783647402e-10,6.42512182579771e-05,3.43238908204859e-05,3.93730817437719e-05,6.61703048888777e-05,4.41359255478532e-05,0.000143468947243048
"44",NA,NA,NA,NA,NA,NA,NA,NA,NA,NA,NA,NA,3.10280757373933e-05,1.73825305920986e-05,5.52222728695884e-05,0.00020013708094282,8.20497108055788e-05,3.76769547758761e-05,2.22719464908356e-05,5.24430185128444e-05,4.33667563375875e-05,2.05748394115582e-05,1.31990138507483e-05,0.000279438977394194,0.00925173651464023,6.78504539902918e-05,7.20197696344729e-05,0.000189574052619112,6.66884719995836e-10,9.04974378220993e-06,1.87094138278909e-05,0.000100688907311027,0.000195365294218141,6.61016569486583e-05,2.37949719256347e-05,1.68369871965833e-05,1.00822233391766e-05,6.68740157371839e-05,0.000106794977500972,2.74546883846156e-05,0.000232873648483302,3.66183948653517e-05,3.48506923344222e-11,2.2542964326498e-05,1.03691304377347e-05,3.88887209353275e-05,0.000182026074370827,2.09805171571326e-05,2.15882002321162e-05,2.10340056458617e-05,7.17555968631431e-05,2.85102802990758e-05,3.69289918338388e-06,1.56874942001354e-06,3.77359533589807e-05,2.67831933077388e-06,2.10681284603061e-05,0.000225284506044828,6.59279674493105e-07,1.90752151261456e-05,3.78698143081164e-05,1.06701869890057e-11,0.000367145466248038,3.19457753290067e-05,8.8481051402722e-06,0.000369027376152364,7.48075055229201e-05,1.91034125801371e-05,2.37412746207449e-05,1.33566213392131e-06,0.99999999999943,0.000446836970328608,1.55523818560897e-05,2.54389941277391e-06,0.000250586317219941,0.000134486353222555,0.000215488027138203,1.10755820247465e-05,0.000568623354541783,1.84453214668719e-05,6.41352109744294e-10,4.44822466890922e-07,4.68691328987923e-10,3.2152120890096e-05,1.71758515422093e-05,1.97025423576025e-05,3.31124878204047e-05,2.20859524667467e-05,7.17965143381751e-05
"46",NA,NA,NA,NA,NA,NA,NA,NA,NA,NA,NA,NA,NA,5.05113386449016e-05,8.9896278856297e-05,0.00032577329534894,0.000133566386298372,6.13349500694124e-05,3.62572280215658e-05,8.53720826560554e-05,7.05972217516054e-05,3.34944877562555e-05,2.14872275112991e-05,0.00045483437440665,0.0149744176903616,0.000110452805523637,0.000117239669237849,0.000308581364050114,1.08565856714262e-09,1.47324953533578e-05,3.04577330552097e-05,0.000163906684824204,0.000318006968427383,0.000107606081431533,3.87365737487039e-05,2.74095740875887e-05,1.64133058092607e-05,0.000108863342089456,0.000173845799623529,4.46942371124645e-05,0.000379052478394015,5.96117421640379e-05,5.67353720729573e-11,3.66984205491199e-05,1.68803717655184e-05,6.33075564639871e-05,0.000296296459083343,3.41548957912118e-05,3.51441502781302e-05,3.42419703668688e-05,0.00011680964657884,4.64126332574508e-05,6.01186115114159e-06,2.55385154199613e-06,6.14309925819382e-05,4.36017703002047e-06,3.42975193175886e-05,0.000366701246873906,1.07327744852282e-06,3.1053227117219e-05,6.164890188841e-05,1.73705883116853e-11,0.000597558669201928,5.20052535549691e-05,1.44042403307328e-05,0.000600620918763247,0.000121777560467151,3.10991302136309e-05,3.86491595417196e-05,2.17439653271439e-06,0.99999999999965,0.000727226594536404,2.53183364467257e-05,4.14134811897613e-06,0.000407879160560892,0.00021891929418579,0.000350757429657526,1.80304279400551e-05,0.000925363029619257,3.0027812506092e-05,1.04409261695844e-09,7.24150925737282e-07,7.63008570248401e-10,5.23411614005996e-05,2.79612183396779e-05,3.20744629905783e-05,5.39045318386629e-05,3.59544464834191e-05,0.000116876252398173
"47",NA,NA,NA,NA,NA,NA,NA,NA,NA,NA,NA,NA,NA,NA,0.000160457061227525,0.00103424943830559,0.00042421754087073,0.000194835342618529,0.000115180253182968,0.000271177015782258,0.000224253163367509,0.000106404350033509,6.82618064095454e-05,0.00144358105366594,0.0460718657732738,0.000350824604833469,0.00037237581142564,0.000979705960482485,3.44914118760200e-09,4.68036899196783e-05,9.67579124255808e-05,0.000520546386508821,0.00100961033367443,0.000341784843912509,0.00012305585769081,8.70751202078167e-05,5.21432687655896e-05,0.0003457772838937,0.00055209978507779,0.000141979938431974,0.0012032581683036,0.000189362146063626,1.80248482323625e-10,0.000116581700845897,5.36270314527323e-05,0.000201100620090316,0.000940728116697435,0.000108502159787929,0.000111644550779606,0.00010877875484323,0.000371010323722531,0.000147438206555313,1.90994546575791e-05,8.11355047956129e-06,0.00019514038849572,1.38521667131679e-05,0.000108955207731001,0.00116408188990831,3.40979837001127e-06,9.86495458987694e-05,0.00019583250168983,5.51864219113931e-11,0.00189597959809679,0.000165202175232999,4.57608886719075e-05,0.00190568304864587,0.000386785209498351,9.87953604719077e-05,0.00012277818921946,6.90803295111649e-06,0.99999999999989,0.00230674953394153,8.04320132331128e-05,1.31569593379052e-05,0.00129468394850035,0.000695176077041554,0.00111350734864498,5.72804864088985e-05,0.00293397115344201,9.53922331203862e-05,3.31708601409241e-09,2.30062648417511e-06,2.42408098423813e-09,0.000166269113291784,8.88274847519482e-05,0.000101893570124292,0.000171234798214119,0.00011421846634452,0.000371221823040732
"53",NA,NA,NA,NA,NA,NA,NA,NA,NA,NA,NA,NA,NA,NA,NA,0.00058136943234971,0.00153596581339366,0.000705865457018846,0.000417371683517956,0.000982245612600781,0.000812380055451241,0.000385579855543387,0.000247386615434482,0.00521284679407949,0.148982384126468,0.0012704762425558,0.00134844557698203,0.00354206589660286,1.25022216904259e-08,0.000169630121098606,0.000350632716196189,0.001884268090267,0.00364989754633528,0.00123776899337189,0.000445900818346436,0.000315552091986589,0.000188979652328263,0.00125221444815998,0.00199831946209946,0.000514447897845861,0.00434776041261525,0.000686046562195704,6.53352931102984e-10,0.000422448470766035,0.000194356405658531,0.000728551843351222,0.00340149103151757,0.000393179571992012,0.000404563326923543,0.000394181584157496,0.00134350568966742,0.000534217650940564,6.92269859387415e-05,2.94088418062425e-05,0.000706970036482013,5.02086040815147e-05,0.000394820813697592,0.00420663506016513,1.23595039115693e-05,0.000357485870333035,0.000709476190728628,2.00036139333443e-10,0.00683839219812172,0.000598554519397676,0.000165851161395986,0.00687321627829487,0.00140057190396697,0.000358014135674447,0.000444894992911459,2.50393328512102e-05,1,0.00831103507776051,0.000291483174856736,4.76888404071981e-05,0.00467699248978006,0.00251523942167934,0.0040244067650348,0.000207595356496055,0.0105535949594653,0.000345684986675664,1.20235567270591e-08,8.33911033008447e-06,8.78665044242532e-09,0.000602418524310364,0.000321901016962855,0.000369238410535756,0.000620401880606259,0.0004138875595195,0.00134427082725023
"54",NA,NA,NA,NA,NA,NA,NA,NA,NA,NA,NA,NA,NA,NA,NA,NA,0.000238396243285843,0.000289468332860735,0.00017113079000144,0.000402874789047225,0.000333169848833651,0.000158092534202733,0.000101423315309912,0.00214343891800152,0.0669570350366556,0.00052118325688233,0.000553193829000241,0.00145500172841059,5.1249000558197e-09,6.95415948992259e-05,0.000143760807358525,0.000773257325347941,0.0014993921721175,0.000507756063481953,0.000182831388073017,0.000129374933324101,7.74750168778178e-05,0.000513686241909337,0.00082011646084818,0.000210946078132513,0.00178681435440709,0.000281337511649682,2.67821874589915e-10,0.000173212893969653,7.96795496379326e-05,0.000298775793309273,0.00139714057052403,0.000161209235523221,0.00016587785201682,0.000161620170393676,0.000551165654205761,0.000219055095468804,2.83786260962649e-05,1.20554564755094e-05,0.000289921498849092,2.05820778129184e-05,0.00016188232485822,0.00172867124704996,5.06643421826205e-06,0.000146571220639228,0.000290949678644921,8.19986430874938e-11,0.00281454514341215,0.000245445646761195,6.7992220270634e-05,0.00282893640411671,0.000574596111837154,0.000146787858171309,0.000182418864160114,1.02642535545769e-05,1,0.00342364255643185,0.000119505088347132,1.95491187730334e-05,0.00192249446701748,0.0010325773373493,0.00165360824317901,8.5107736440567e-05,0.0043532302454335,0.000141731804708341,4.92868612075884e-09,3.41837779226105e-06,3.6018162498757e-09,0.000247030699431002,0.000131978458438977,0.000151390878436723,0.000254407743498019,0.000169701880064226,0.000551479796783322
"57",NA,NA,NA,NA,NA,NA,NA,NA,NA,NA,NA,NA,NA,NA,NA,NA,NA,0.000109480020973865,7.85864768117935e-05,0.000185030871578154,0.000153011270021367,7.25985526014144e-05,4.65737376464504e-05,0.000985358608332458,0.0319002542697557,0.000239382475481815,0.000254089515913592,0.00066862845807591,2.35323266818749e-09,3.19330534551766e-05,6.60166888094525e-05,0.000355209987395181,0.00068904410513343,0.000233213594105157,8.39601428167901e-05,5.94100604688448e-05,3.55761824903616e-05,0.000235938096374735,0.000376745145593213,9.68724919848881e-05,0.000821256432100961,0.000129203177317203,1.22977458295789e-10,7.95427076845431e-05,3.6588537734527e-05,0.00013721293579988,0.000642018956002616,7.40299151573435e-05,7.61740124861497e-05,7.4218639660685e-05,0.000253157669634386,0.000100596826649235,1.30309926169778e-05,5.53561602879167e-06,0.000133145958855658,9.4509076020196e-06,7.43390358419009e-05,0.000794507662867623,2.32639290894209e-06,6.73073666422871e-05,0.000133618223002895,3.7651833798231e-11,0.00129434264706607,0.000112717787182219,3.12215644203485e-05,0.00130097098806648,0.000263922933862412,6.74068572475019e-05,8.37706841884508e-05,4.71312816511483e-06,0.999999999999838,0.00157497172960093,5.4877451469976e-05,8.97658699422351e-06,0.000883682694105809,0.000474399969491368,0.000759977375732472,3.90812546315425e-05,0.00200361734745543,6.50848750058632e-05,2.26313587836907e-09,1.56964097929184e-06,1.65386867347964e-09,0.000113445799695483,6.06057065002035e-05,6.95207959608304e-05,0.000116834082323759,7.79302342694178e-05,0.000253302002519992
"58",NA,NA,NA,NA,NA,NA,NA,NA,NA,NA,NA,NA,NA,NA,NA,NA,NA,NA,6.47187325322393e-05,0.000109383733494616,9.04536886318617e-05,4.29157339442482e-05,2.75311943956395e-05,0.000582699995604758,0.0191060877481571,0.000141517632390746,0.000150213013248844,0.000395347771080995,1.39104301336376e-09,1.88765146154968e-05,3.90248417707732e-05,0.000210002245797798,0.000407422571481084,0.00013787037818079,4.96322276590894e-05,3.51193310074805e-05,2.10301006776266e-05,0.000139481195080985,0.000222735920256255,5.72655405303643e-05,0.000485624213370542,7.63786235857969e-05,7.2694441276541e-11,4.70208186059874e-05,2.16285418178768e-05,8.11138682256298e-05,0.000379609928149674,4.37618917789135e-05,4.50293885413006e-05,4.38734573792708e-05,0.000149662065967561,5.94672471875991e-05,7.70292204680467e-06,3.27222102900203e-06,7.87095308332738e-05,5.58664256081076e-06,4.39446302990457e-05,0.000469802028312434,1.37517880029465e-06,3.97878289081604e-05,7.89887260917698e-05,2.22567538704596e-11,0.000765517025155159,6.66328149492882e-05,1.84559283212069e-05,0.000769439331553844,0.000156026975116976,3.98466430392224e-05,4.95202271842099e-05,2.7860299246755e-06,0.999999999999727,0.000931597292017652,3.24398897418282e-05,5.30626002693055e-06,0.000522551366483761,0.000280481739376255,0.000449377503540751,2.31020823449809e-05,0.00118534947069012,3.84739984213326e-05,1.33778499437836e-09,9.27846849344558e-07,9.77634933301833e-10,6.70631975405629e-05,3.5826136033028e-05,4.10963045605186e-05,6.90662679348617e-05,4.60675918656006e-05,0.000149747401700601
"61",NA,NA,NA,NA,NA,NA,NA,NA,NA,NA,NA,NA,NA,NA,NA,NA,NA,NA,NA,0.00015238230455861,0.000212968649076118,0.000101049438633357,6.48263343878997e-05,0.00137102358368605,0.0438547085816207,0.000333173084423961,0.000353640339144783,0.000930442119452549,3.2755419695622e-09,4.44481114114359e-05,9.18884235821606e-05,0.000494359643922581,0.00095884421503496,0.000324588005731566,0.000116863039506964,8.26928922831983e-05,4.95189684038911e-05,0.000328379632855943,0.000524326541689901,0.000134834889368407,0.00114276601673831,0.000179833046751782,1.71176370171807e-10,0.000110714660219713,5.09280591202748e-05,0.000190980929044704,0.000893422496956905,0.00010304168477393,0.000106025948701254,0.00010330436135655,0.000352343529478335,0.000140018512126115,1.81381747086821e-05,7.70518935603025e-06,0.000185320569833802,1.31549804999827e-05,0.000103471935005181,0.00110555709187016,3.23817987611743e-06,9.36848666484787e-05,0.000185977861113902,5.24088262143693e-11,0.00180072461509703,0.000156888665414719,4.34577909286883e-05,0.00180994144337042,0.000367325018620405,9.38233435836027e-05,0.00011659934314444,6.56034603722971e-06,0.999999999999884,0.00219090255982911,7.63840872877966e-05,1.24947628090933e-05,0.00122960114985307,0.000660210170541785,0.00105752251885759,5.43976508799029e-05,0.00278671254571359,9.05914679344693e-05,3.15013328384197e-09,2.18483357642049e-06,2.30207421766933e-09,0.000157901920165804,8.43570730503254e-05,9.67656465225299e-05,0.000162617756597207,0.00010847034394127,0.000352544391297695
"62",NA,NA,NA,NA,NA,NA,NA,NA,NA,NA,NA,NA,NA,NA,NA,NA,NA,NA,NA,NA,0.000126011827075283,8.35616136121104e-05,5.36070186807723e-05,0.00113400066507952,0.0365418483857934,0.000275524530203004,0.000292451395504539,0.000769528346756009,2.70862252480151e-09,3.67554691672545e-05,7.59859023068213e-05,0.000408832571476608,0.000793022387833132,0.000268424518898664,9.66387444858444e-05,6.83816719128357e-05,4.09487480115245e-05,0.000271560258718178,0.000433617272102038,0.000111500736315862,0.000945166977828078,0.000148712795250978,1.41549757573086e-10,9.15543051006459e-05,4.21139784501459e-05,0.000157931832392342,0.00073890628651103,8.52091068932215e-05,8.76769540653109e-05,8.54263280814352e-05,0.000291378902115382,0.00011578739953768,1.49989294094394e-05,6.37161039678839e-06,0.000153250843663663,1.08781868570095e-05,8.55649036233294e-05,0.000914386067984728,2.67772843214398e-06,7.74714709499846e-05,0.000153794408178681,4.33380882988448e-11,0.00148952567294493,0.000129738442093913,3.59365374602217e-05,0.0014971520496824,0.000303768990297695,7.75859844936489e-05,9.64206789641366e-05,5.42491025248368e-06,0.99999999999986,0.00181239599098663,6.31646293733435e-05,1.03322349311047e-05,0.00101700247991156,0.000546005673842381,0.000874650277484643,4.49831176011442e-05,0.00230550998209995,7.49133853724757e-05,2.60491913944138e-09,1.80669084001479e-06,1.9036391951732e-09,0.000130576371878288,6.97578618319665e-05,8.00191241022638e-05,0.000134476224031188,8.96983568954335e-05,0.000291545019733183
"64",NA,NA,NA,NA,NA,NA,NA,NA,NA,NA,NA,NA,NA,NA,NA,NA,NA,NA,NA,NA,NA,5.97874027895994e-05,2.5433346418209e-05,0.000538321643875465,0.0176759213708182,0.000130735273604438,0.000138768237332485,0.000365232924625384,1.28504430703037e-09,1.74381326093638e-05,3.60512215596919e-05,0.000194002993656529,0.000376388296951949,0.000127365871654393,4.58503814732593e-05,3.24432937824739e-05,1.94276195609401e-05,0.000128853974333836,0.000205766738778948,5.2902086601442e-05,0.000448635821075814,7.05589156567262e-05,6.71550606331677e-11,4.34379463292628e-05,1.99804607547173e-05,7.49333829699937e-05,0.000350693460649821,4.04273317787963e-05,4.15982520905824e-05,4.05303966701041e-05,0.000138259261090324,5.49360393586591e-05,7.11595675890463e-06,3.02287564964523e-06,7.27122311603092e-05,5.16093765946913e-06,4.05961465905034e-05,0.000434018236292487,1.27038909399927e-06,3.67560726362291e-05,7.29701545928572e-05,2.05607695638868e-11,0.000707225206198446,6.15556481340704e-05,1.70495942569463e-05,0.000710849053235559,0.000144139295507176,3.68104054082501e-05,4.57469147517653e-05,2.57373252962672e-06,0.999999999999704,0.000860669853083646,2.99680155653955e-05,4.90192030736429e-06,0.000482751713364854,0.000259114321096499,0.000415148756713015,2.1341720831795e-05,0.00109512371057772,3.55423499549687e-05,1.23584459612971e-09,8.57144160364453e-07,9.03138287806084e-10,6.19532392422392e-05,3.30962431705909e-05,3.7964848738177e-05,6.38036930980259e-05,4.25573500621493e-05,0.000138338095963748
"65",NA,NA,NA,NA,NA,NA,NA,NA,NA,NA,NA,NA,NA,NA,NA,NA,NA,NA,NA,NA,NA,NA,3.83548972198206e-05,0.000345404100188913,0.0114115498229757,8.38716065615862e-05,8.90253120082886e-05,0.000234330389990648,8.24365729932908e-10,1.11867650783592e-05,2.31274326501689e-05,0.000124463057161395,0.000241488549449958,8.17099094862762e-05,2.94138530901963e-05,2.08128626144411e-05,1.24630530077023e-05,8.26646264028021e-05,0.000132010671073436,3.39377358969093e-05,0.000287849598482512,4.52652278283092e-05,4.30804838794335e-11,2.78662079967809e-05,1.28177098628179e-05,4.80716283667522e-05,0.000225000818575316,2.593481772074e-05,2.66859941250162e-05,2.60009365539707e-05,8.86987674357089e-05,3.52425825561916e-05,4.5649522102964e-06,1.93919989926759e-06,4.66466671085507e-05,3.31078701882672e-06,2.60431168563972e-05,0.000278469338380776,8.14964669710089e-07,2.35796117969037e-05,4.68121356004768e-05,1.31898905812841e-11,0.000453805422327875,3.94892894485152e-05,1.09375116785637e-05,0.000456131330125626,9.24712362930965e-05,2.36144676040332e-05,2.93474762191747e-05,1.65107058213229e-06,0.999999999999539,0.000552296686399824,1.92249172200709e-05,3.14462481138279e-06,0.000309742513067882,0.000166239256418253,0.000266360737412834,1.36909815268089e-05,0.000702806134697935,2.28009792537561e-05,7.92803739902535e-10,5.49864688983288e-07,5.79370103958674e-10,3.97443584721176e-05,2.12317444715372e-05,2.43550716628802e-05,4.09314922608544e-05,2.73012813555139e-05,8.87493456237354e-05
"68",NA,NA,NA,NA,NA,NA,NA,NA,NA,NA,NA,NA,NA,NA,NA,NA,NA,NA,NA,NA,NA,NA,NA,0.000811607409821009,0.196432231151,0.00177313492664157,0.00188189437958645,0.00493902508479751,1.7457460345376e-08,0.000236846867459754,0.000489537488979429,0.00262913170512417,0.0050891673744995,0.00172750957250469,0.000622522987752297,0.000440565638025839,0.000263861719473047,0.00174766057189754,0.00278814239570599,0.000718202187859045,0.00606054569289748,0.00095769978221172,9.12308485824191e-10,0.000589786601591044,0.000271368401180732,0.00101701871110036,0.00474327265589977,0.000548930223011424,0.000564820889113158,0.000550328944817666,0.00187500392831948,0.000745796185703873,9.6662356425652e-05,4.10645180232177e-05,0.000986900123048068,7.01073215946673e-05,0.000551221253061219,0.00586415193876216,1.72580921117003e-05,0.000499104196337259,0.000990397624361787,2.79320193926603e-10,0.00952296880666821,0.000835592564753493,0.000231570823730692,0.00957133217259184,0.00195460166491724,0.000499841629794087,0.000621119000503335,3.49632917423426e-05,1,0.0115670001656983,0.000406965122672841,6.65889894971026e-05,0.0065186284589331,0.00350865336364264,0.00561052579897548,0.00028985164762634,0.0146751135397895,0.000482630639837523,1.67890771744654e-08,1.16442670000276e-05,1.22692274774397e-08,0.0008409854954508,0.000449428711442478,0.000515510114194434,0.000866084364839989,0.000577836546233726,0.00187607118990057
"73",NA,NA,NA,NA,NA,NA,NA,NA,NA,NA,NA,NA,NA,NA,NA,NA,NA,NA,NA,NA,NA,NA,NA,NA,0.0264193503124946,0.0560180269726499,0.0592565152094414,0.142236393119862,5.83219982282695e-07,0.00785232765698951,0.016099098103811,0.0809379283305231,0.145948091195213,0.054653021447128,0.0203860172789026,0.0145112639026433,0.00874037350425159,0.0552563639803079,0.0854274162756568,0.0234479943224407,0.169232210200561,0.0310317754483999,3.04784781812399e-08,0.0193340916789944,0.00898686326684182,0.0328925218491583,0.13735013850686,0.0180181681387353,0.0185303896574763,0.0180632754989214,0.0590519794587121,0.0243276275496983,0.00321921952009538,0.00137006358120933,0.0319486129826333,0.00233684192373106,0.0180920494360652,0.164623968556495,0.000576237510803485,0.0164087042470285,0.0320583154062025,9.33155258675582e-09,0.243114014017244,0.0271795267517735,0.00767871073799475,0.244056381633438,0.0614095182407569,0.0164325618704192,0.0203409475499111,0.00116673458951186,1,0.281068694969075,0.0134189433417823,0.00221982017513542,0.179792582131557,0.105249590615133,0.158599369087341,0.00959327359964419,0.332251278153795,0.0158754551192529,5.60890605541414e-07,0.000388865911423938,4.09891226650672e-07,0.0273502898452641,0.0147990031058666,0.0169392073337394,0.0281442627605043,0.0189495520060318,0.0590836656248342
"75",NA,NA,NA,NA,NA,NA,NA,NA,NA,NA,NA,NA,NA,NA,NA,NA,NA,NA,NA,NA,NA,NA,NA,NA,NA,0.000197145497254355,0.000457497204240637,0.00120348981972813,4.23794129850739e-09,5.75068275610277e-05,0.000118883298061113,0.000639516424810707,0.00124021645235217,0.000419916384444945,0.000151193818265856,0.000106986603290792,6.40673910300334e-05,0.000424821102807352,0.000678276407882986,0.00017444432561831,0.00147803014372097,0.00023265817902797,2.21470344719265e-10,0.000143239492362852,6.58904381977983e-05,0.000247079891346658,0.00115561897869976,0.000133312714535217,0.000137173559132474,0.000133652548511188,0.00045581972201231,0.000181150426550897,2.34672951275572e-05,9.96905751608892e-06,0.000239757250291966,1.70200291231837e-05,0.000133869344433821,0.00142992051028804,4.18959772555742e-06,0.000121207434113431,0.000240607570034575,6.78072609950996e-11,0.00232857030738341,0.000202975359219702,5.62255703767726e-05,0.00234048252612555,0.000475198881039795,0.000121386587608695,0.000150852667682514,8.48784967473451e-06,1,0.00283279637925129,9.88245660090213e-05,1.61658368213024e-05,0.00159030036482016,0.000854023346911669,0.00136781219706116,7.03793048765402e-05,0.00360253739728621,0.000117205368949333,4.07568581442198e-09,2.82676595050183e-06,2.97845531907026e-09,0.000204286200926302,0.00010913963760651,0.000125193166502401,0.000210387040487197,0.000140335952048597,0.00045607954598612
"81",NA,NA,NA,NA,NA,NA,NA,NA,NA,NA,NA,NA,NA,NA,NA,NA,NA,NA,NA,NA,NA,NA,NA,NA,NA,NA,0.000209258150077109,0.0012773534442878,4.49837562824194e-09,6.1040580606171e-05,0.000126188114966024,0.00067878996982388,0.00131633118611349,0.000445710016726749,0.000160483645309302,0.000113560507539798,6.80042585479844e-05,0.0004509158746422,0.000719928539706709,0.000185162472910377,0.00156871708781166,0.000246952198115721,2.35080368305306e-10,0.000152040654749932,6.99393220327829e-05,0.000262259717054719,0.00122654816079321,0.000141504025423794,0.000145602062498637,0.000141864737309257,0.000483817672297204,0.000192280528512981,2.49093955805263e-05,1.05816798173526e-05,0.000254487310058173,1.80659425762945e-05,0.00014209485221497,0.00151766009607772,4.44706005250168e-06,0.000128655039821435,0.000255389857881568,7.197422259336e-11,0.00247131436737412,0.000215446122566034,5.96805957918189e-05,0.0024839550008392,0.000504386562509219,0.000128845200006753,0.000160121536710529,9.00944905035942e-06,1,0.00300635693982679,0.000104896997915565,1.71592594188995e-05,0.00168786418687996,0.000906458095670478,0.00145174637183407,7.47040032667591e-05,0.00382307785450439,0.000124407097867065,4.32614905322246e-09,3.00047876013729e-06,3.16149042056554e-09,0.000216837484644001,0.000115845821983702,0.000132885643479486,0.000223313074259328,0.000148958736795085,0.000484093447786904
"82",NA,NA,NA,NA,NA,NA,NA,NA,NA,NA,NA,NA,NA,NA,NA,NA,NA,NA,NA,NA,NA,NA,NA,NA,NA,NA,NA,0.000550696437267494,1.18422422414115e-08,0.000160676959829687,0.00033212932238873,0.00178497706001172,0.00345788944593715,0.00117250505018774,0.000422372113669916,0.000298899399747934,0.000179005396124121,0.00118618974294451,0.00189302992207666,0.000487303954897647,0.00411919201232281,0.000649854402930674,6.18863100175495e-10,0.000400156773134897,0.000184098419223644,0.00069011888060255,0.00322250844715633,0.000372431755779612,0.000383215028067762,0.000373380912201175,0.0012726736635584,0.000506031119692197,6.5572804002657e-05,2.7856422464295e-05,0.000669674805959825,4.75582694330988e-05,0.000373986422689273,0.00398545613711502,1.17070660180919e-05,0.000338620948209689,0.00067204884040461,1.89476436759961e-10,0.00647973962186394,0.000566975355149387,0.000157097424140611,0.006512749263344,0.0013267352418669,0.000339121345865779,0.000421419339924868,2.37175635080955e-05,1,0.00787575940233418,0.000276100325475496,4.51715091635519e-05,0.00443119288775885,0.00238277889104404,0.00381277246239864,0.000196638765515931,0.0100020537873396,0.000327442606161398,1.13888455098047e-08,7.89890072817097e-06,8.32281218378015e-09,0.000570635615256859,0.000304913373859663,0.000349753510946941,0.000587670748247807,0.000392047425592069,0.00127339851315479
"90",NA,NA,NA,NA,NA,NA,NA,NA,NA,NA,NA,NA,NA,NA,NA,NA,NA,NA,NA,NA,NA,NA,NA,NA,NA,NA,NA,NA,1.93794313870122e-09,5.65214020528031e-10,1.16853310002052e-09,6.28923856292795e-09,1.22040780788092e-08,4.1287041649217e-09,1.4861691533739e-09,1.05158505698231e-09,6.29699581549952e-10,4.17694885871231e-09,6.6706771395459e-09,1.71475135334846e-09,1.45476954705831e-08,2.28711455983862e-09,2.22044604925031e-16,1.40797040519507e-09,6.47618957770076e-10,2.42892027672157e-09,1.13706520740978e-08,1.31038228435268e-09,1.34833722702235e-09,1.31372309057508e-09,4.48187413658675e-09,1.7806828708589e-09,2.30643791084926e-10,9.7977639520793e-11,2.35691774924026e-09,1.67277000211228e-10,1.31585434766453e-09,1.40734923553822e-08,4.11758606719033e-11,1.1913803726469e-09,2.36527877278591e-09,2.22044604925031e-16,2.29387818316863e-08,1.99526240188167e-09,5.52620294274364e-10,2.30564045725811e-08,4.67251144346469e-09,1.19314153417259e-09,1.48281528630677e-09,8.34199464288420e-11,0.999999990873911,2.79200313302438e-08,9.71351415850525e-10,1.58881654073675e-10,1.56544891988105e-08,8.40058125536441e-09,1.34613757591321e-08,6.91741896543779e-10,3.55340255749618e-08,1.15203838991682e-09,2.22044604925031e-16,2.77817513588173e-11,2.22044604925031e-16,2.00815070315652e-09,1.07274981753537e-09,1.23056211034182e-09,2.06813509393983e-09,1.37942609421323e-09,4.48443003672226e-09
"91",NA,NA,NA,NA,NA,NA,NA,NA,NA,NA,NA,NA,NA,NA,NA,NA,NA,NA,NA,NA,NA,NA,NA,NA,NA,NA,NA,NA,NA,2.62977781156715e-05,1.58570932225374e-05,8.53395707568801e-05,0.000165585578899246,5.60246151734811e-05,2.01673544702863e-05,1.42701210098924e-05,8.54513917816473e-06,5.66792363595351e-05,9.05148964925691e-05,2.32691487589889e-05,0.000197377628203376,3.10358673868563e-05,2.95374887742955e-11,1.9106215675546e-05,8.78830627351571e-06,3.29600903586295e-05,0.00015427935510476,1.77819644522453e-05,1.82970058271273e-05,1.78272985804808e-05,6.08166776996535e-05,2.41638167918687e-05,3.12989562843096e-06,1.32958418790195e-06,3.19830579143522e-05,2.26999391318266e-06,1.78562193464847e-05,0.000190945048158578,5.58768467346244e-07,1.61671276367379e-05,3.20965122417418e-05,9.0434509989614e-12,0.00031118928790396,2.70755761969917e-05,7.49916691165019e-06,0.000312784468034377,6.34033618092022e-05,1.61910263536015e-05,2.01218433217592e-05,1.13203241249264e-06,0.999999999999328,0.000378739711905701,1.31813563211846e-05,2.15606705221988e-06,0.000212390997619356,0.000113985414095326,0.000182641545068342,9.38705690498847e-06,0.000481974990303053,1.56332621071993e-05,5.43574014596648e-10,3.77006556633806e-07,3.97236437562315e-10,2.72504648102969e-05,1.45573248798021e-05,1.66988180957186e-05,2.80644259621354e-05,1.8718875464498e-05,6.08513578115707e-05
"102",NA,NA,NA,NA,NA,NA,NA,NA,NA,NA,NA,NA,NA,NA,NA,NA,NA,NA,NA,NA,NA,NA,NA,NA,NA,NA,NA,NA,NA,NA,5.43669486323609e-05,0.000176416413003416,0.000342273951867991,0.000115819318226043,4.16934348726423e-05,2.95018420484522e-05,1.76662052606285e-05,0.000117172530425772,0.000187113961516838,4.81058399448357e-05,0.000407975918964949,6.41619557046077e-05,6.10663077885782e-11,3.9499710404832e-05,1.81689237572557e-05,6.81398553404617e-05,0.000318907250824547,3.6762038649565e-05,3.78268029615737e-05,3.68557596366859e-05,0.000125725274485205,4.99553982408786e-05,6.47077795643541e-06,2.74880111311691e-06,6.61200618279728e-05,4.69301273930993e-06,3.69155486439713e-05,0.000394682604009743,1.1552067651957e-06,3.3423618468769e-05,6.63546031955542e-05,1.86965847505008e-11,0.000643144405897816,5.59748900357498e-05,1.550378140086e-05,0.000646440113051986,0.000131072320293295,3.34730253768806e-05,4.15993483946586e-05,2.34038027830712e-06,0.999999999999675,0.000782696513179715,2.72509773275569e-05,4.45747951771555e-06,0.000439001243041707,0.000235626719408831,0.000377522643784265,1.94067670039838e-05,0.000995930935823042,3.23199332368001e-05,1.12379418293356e-09,7.79429468009771e-07,8.21253381993917e-10,5.63364367701909e-05,3.00955939543795e-05,3.45228058252391e-05,5.80191345755803e-05,3.86989489810639e-05,0.000125796963429159
"104",NA,NA,NA,NA,NA,NA,NA,NA,NA,NA,NA,NA,NA,NA,NA,NA,NA,NA,NA,NA,NA,NA,NA,NA,NA,NA,NA,NA,NA,NA,NA,0.000292542221282989,0.00183941613014069,0.000623042525951138,0.000224359976580663,0.000158763272712547,9.50750810006084e-05,0.000630318307501071,0.00100625322584846,0.000258859025022017,0.00219187526225575,0.000345233198987421,3.28668977966216e-10,0.000212557188150194,9.77803703315247e-05,0.000366630506089665,0.00171401627384901,0.000197827508487485,0.000203556373593033,0.000198331767665849,0.000676301633430587,0.000268809377635474,3.48258106783646e-05,1.47943244471982e-05,0.000355766036070395,2.5258052045947e-05,0.000198653457997298,0.00212057943560873,6.21748258012207e-06,0.000179865103432475,0.000357027644036664,1.00628114341246e-10,0.00345178128473542,0.00030119224500582,8.34382493465993e-05,0.00346941950876955,0.000705047960984512,0.000180130941654489,0.000223853772362923,1.25961849225017e-05,1,0.00419820276985917,0.000146651758477312,2.39904240858546e-05,0.00235824063973271,0.0012668738945509,0.00202853342957054,0.000104441550716176,0.00533697283982106,0.000173926597800251,6.04844630705061e-09,4.19500410307946e-06,4.42012164459941e-09,0.000303137192028511,0.000161958109329329,0.000185779350642799,0.000312189213425172,0.000208248834112257,0.000676687050266907
"106",NA,NA,NA,NA,NA,NA,NA,NA,NA,NA,NA,NA,NA,NA,NA,NA,NA,NA,NA,NA,NA,NA,NA,NA,NA,NA,NA,NA,NA,NA,NA,NA,0.000567513237772416,0.00120828727133251,0.000435271938201315,0.000308029360068877,0.000184473838535638,0.00122238907908092,0.00195075799911189,0.000502185890742509,0.00424451836068459,0.0006696971942822,6.37772259953823e-10,0.000412378390562471,0.000189722419061006,0.000711190241067303,0.00332064418012331,0.000383806918829594,0.000394919413905918,0.000384785054125513,0.00131150879195853,0.00052148467219528,6.75762242079957e-05,2.87075419153684e-05,0.000690122379742379,4.9011325594576e-05,0.000385409051539287,0.00410673035274081,1.2064767278941e-05,0.000348963790088578,0.000692568851737407,1.95265827365883e-10,0.00667640411179978,0.000584288979772381,0.000161896707484087,0.00671040885150431,0.00136721777940228,0.000349479466552744,0.000434290078080096,2.44422281976773e-05,1,0.00811444798624283,0.000284534080321157,4.6551645614037e-05,0.00456596833527323,0.00245540515555546,0.00392881278013196,0.000202645781194462,0.0103045141150345,0.000337444131893758,1.17368279585632e-08,8.14024709403912e-06,8.57711298810023e-09,0.000588060946819124,0.000314226974852116,0.000360436263339859,0.000605615961424954,0.000404021466840567,0.00131225573098866
"109",NA,NA,NA,NA,NA,NA,NA,NA,NA,NA,NA,NA,NA,NA,NA,NA,NA,NA,NA,NA,NA,NA,NA,NA,NA,NA,NA,NA,NA,NA,NA,NA,NA,0.000192064852819215,0.000147297221906825,0.000104229205067604,6.24160936507186e-05,0.000413875450171258,0.000660804714746642,0.000169948614533373,0.00143998731318287,0.000226662543343395,2.15761727251025e-10,0.00013954786781944,6.41921559217037e-05,0.000240712695484214,0.00112586529145162,0.000129876893582831,0.000133638247311293,0.000130207970279748,0.000444075734790697,0.00017648191895587,2.28624161839943e-05,9.7120976813459e-06,0.000233578713232734,1.65813282910205e-05,0.000130419179529191,0.00139311423987748,4.08160713576777e-06,0.000118083561382312,0.000234407125399125,6.60594616897852e-11,0.00226868527082413,0.000197744502895755,5.477638000277e-05,0.00228029183713284,0.000462955829882413,0.000118258098110204,0.000146964862230033,8.26906875251066e-06,1,0.00275997977566914,9.62775101965086e-05,1.57491529298326e-05,0.00154937230915312,0.000832028365046436,0.00133260246624586,6.85653329769446e-05,0.00351000436346622,0.000114184629451114,3.9706309765953e-09,2.75390345928179e-06,2.90168268371494e-09,0.000199021569765232,0.00010632675447672,0.000121966582233544,0.000204965217673631,0.000136719148456011,0.00044432886749414
"110",NA,NA,NA,NA,NA,NA,NA,NA,NA,NA,NA,NA,NA,NA,NA,NA,NA,NA,NA,NA,NA,NA,NA,NA,NA,NA,NA,NA,NA,NA,NA,NA,NA,NA,6.91442013925114e-05,3.7520867856375e-05,2.24682067155549e-05,0.000149018161490725,0.000237964037704491,6.11813910823995e-05,0.000518816278268277,8.16013310787199e-05,7.76656330672604e-11,5.0236164383215e-05,2.31075702433407e-05,8.6660339792286e-05,0.000405558933185988,4.67543982483668e-05,4.81085642479346e-05,4.6873592521008e-05,0.000159895033702045,6.35336421396207e-05,8.22968017352626e-06,3.49599029063604e-06,8.40916104436227e-05,5.96868148134734e-06,4.69496321270436e-05,0.000501913201317841,1.46921993190367e-06,4.25085943075723e-05,8.43898951856108e-05,2.37787766027611e-11,0.000817823909005073,7.1189159504113e-05,1.97180076311177e-05,0.000822014001542942,0.000166695063473007,4.25714300865767e-05,5.29064767835078e-05,2.97655134038771e-06,0.999999999999744,0.000995240943726607,3.46582068731581e-05,5.66912527881879e-06,0.000558265965959234,0.000299656667693008,0.00048009332193044,2.46818736674984e-05,0.00126630666104566,4.11049253528809e-05,1.42926909764718e-09,9.9129736890979e-07,1.04449026177961e-09,7.16489695008907e-05,3.82760039090938e-05,4.39065420186646e-05,7.37889994578426e-05,4.92177579456629e-05,0.000159986203231847
"112",NA,NA,NA,NA,NA,NA,NA,NA,NA,NA,NA,NA,NA,NA,NA,NA,NA,NA,NA,NA,NA,NA,NA,NA,NA,NA,NA,NA,NA,NA,NA,NA,NA,NA,NA,4.89261124441789e-05,1.58981806413947e-05,0.000105447014739048,0.00016839054938401,4.32915644290098e-05,0.0003671602437951,5.77409292919161e-05,5.49547263550395e-11,3.5546677638894e-05,1.63505881554139e-05,6.13207638753455e-05,0.00028699983193474,3.30829761988121e-05,3.40411849119611e-05,3.31673181106548e-05,0.000113143978128236,4.49560332866512e-05,5.82317934492702e-06,2.47369883659573e-06,5.95030890352882e-05,4.22333298573274e-06,3.322112376736e-05,0.000355196376977333,1.03959255607681e-06,3.00786475792006e-05,5.97141600502202e-05,1.68254105404649e-11,0.000578815081839089,5.03731453308978e-05,1.39521680154908e-05,0.000581781333915389,0.000117956009540882,3.01231100887553e-05,3.74361969479771e-05,2.1061530088048e-06,0.999999999999639,0.000704418587829328,2.45237372376143e-05,4.01137198690055e-06,0.000395082887087683,0.00021204994568731,0.0003397526104155,1.74645509145072e-05,0.000896346444252308,2.90854138112065e-05,1.01132365858574e-09,7.01423387456608e-07,7.39061464716585e-10,5.06985117384307e-05,2.70836762804979e-05,3.10678338153389e-05,5.22128206776655e-05,3.4826051635599e-05,0.000113208493989984
"114",NA,NA,NA,NA,NA,NA,NA,NA,NA,NA,NA,NA,NA,NA,NA,NA,NA,NA,NA,NA,NA,NA,NA,NA,NA,NA,NA,NA,NA,NA,NA,NA,NA,NA,NA,NA,2.92980173711211e-05,6.31453915301065e-05,0.000100840746657506,2.59238691998905e-05,0.000219891592563721,3.45766431785455e-05,3.29074362043794e-11,2.12860073419133e-05,9.79095888214437e-06,3.67203860960222e-05,0.00017187814146419,1.98106778180577e-05,2.0384478168892e-05,1.98611839353309e-05,6.77548139105918e-05,2.69206049791613e-05,3.48698580055532e-06,1.48127691352374e-06,3.56318915780031e-05,2.52897804235715e-06,1.98934041553703e-05,0.000212725433614361,6.22518612214039e-07,1.80116104001217e-05,3.57582890444331e-05,1.00752230188041e-11,0.000346680726866188,3.016454956271e-05,8.35474361000225e-06,0.000348457775416474,7.06365733118252e-05,1.80382356357065e-05,2.24175034095268e-05,1.2611864153004e-06,0.999999999999396,0.000421932090336435,1.46852020230583e-05,2.40205327076944e-06,0.000236617063154508,0.000126988417730392,0.000203474973829026,1.04580199007917e-05,0.00053693424183208,1.7416838033043e-05,6.05590656109362e-10,4.20019412356629e-07,4.42557348949859e-10,3.03593901010695e-05,1.62181506975767e-05,1.86039594784933e-05,3.1266210780464e-05,2.08544771473426e-05,6.77934501581655e-05
"115",NA,NA,NA,NA,NA,NA,NA,NA,NA,NA,NA,NA,NA,NA,NA,NA,NA,NA,NA,NA,NA,NA,NA,NA,NA,NA,NA,NA,NA,NA,NA,NA,NA,NA,NA,NA,NA,0.000194308731090643,0.000668521181538368,0.000171934154999948,0.00145678932631002,0.000229310530952809,2.18282944099791e-10,0.000141178281003921,6.49422047684887e-05,0.000243524784166207,0.00113900625696094,0.000131394330395297,0.000135199624540617,0.000131729274768487,0.000449262513001236,0.000178543775571643,2.31295616894551e-05,9.82558427619353e-06,0.000236307479973985,1.67750810177882e-05,0.000131942951387462,0.0014093701020637,4.1293012950658e-06,0.000119463225433349,0.000237145567711122,6.68313790728164e-11,0.00229513444595918,0.000200054722786345,5.54164169582866e-05,0.00230687601306522,0.000468363023153868,0.000119639801168477,0.000148681919284023,8.36569358641264e-06,1,0.00279214061564359,9.74024216480848e-05,1.59331818471745e-05,0.00156744864127729,0.000841742591087304,0.00134815318664588,6.93664763666164e-05,0.00355087379318607,0.000115518744446159,4.01702855510905e-09,2.78608325570394e-06,2.93558939805805e-09,0.000201346706435244,0.000107569069191163,0.000123391609103043,0.000207359778615003,0.000138316516754782,0.000449518600949997
"116",NA,NA,NA,NA,NA,NA,NA,NA,NA,NA,NA,NA,NA,NA,NA,NA,NA,NA,NA,NA,NA,NA,NA,NA,NA,NA,NA,NA,NA,NA,NA,NA,NA,NA,NA,NA,NA,NA,0.000310279227920789,0.000274554360561742,0.00232450218372572,0.000366163720420069,3.48602556041226e-10,0.000225445748895241,0.000103710076616323,0.000388857781668419,0.00181778137590874,0.000209823111762902,0.00021589928121332,0.000210357941110265,0.000717289504085684,0.000285107858400653,3.69378973691149e-05,1.56915773484509e-05,0.000377334892859606,2.67898968446391e-05,0.000210699133554122,0.00224890208192002,6.59456671487161e-06,0.000190771733931241,0.000378672958752958,1.06731149640348e-10,0.00366036347563294,0.000319453540072297,8.84982817119852e-05,0.00367906359695456,0.000747776725099906,0.000191053688927238,0.000237427147096821,1.33601258416805e-05,1,0.00445168778945952,0.000155544716959641,2.54453920184104e-05,0.00250090883756721,0.00134360580680091,0.0021512981030771,0.000110775166979411,0.0056588253965719,0.000184473196613606,6.41528097671953e-09,4.44942747547308e-06,4.68819939281441e-09,0.000321516371367379,0.000171779085029271,0.000197044537610958,0.000331117034187062,0.000220876212369505,0.000717698262681367
"119",NA,NA,NA,NA,NA,NA,NA,NA,NA,NA,NA,NA,NA,NA,NA,NA,NA,NA,NA,NA,NA,NA,NA,NA,NA,NA,NA,NA,NA,NA,NA,NA,NA,NA,NA,NA,NA,NA,NA,7.97781677592608e-05,0.000598565734106652,9.41509494094183e-05,8.96110978600659e-11,5.79623558328895e-05,2.66615657044354e-05,9.99879145488676e-05,0.000467907271158776,5.39451320087166e-05,5.55075544934035e-05,5.40826571327072e-05,0.000184483362585503,7.33048011654446e-05,9.49544493231618e-06,4.03369350421009e-06,9.70241762422221e-05,6.88669606093944e-06,5.41703908442564e-05,0.000579065918671526,1.69519485190819e-06,4.90463638676911e-05,9.7368330142783e-05,2.74361025978502e-11,0.000943491711945828,8.21376024148554e-05,2.27506927190425e-05,0.000948325048046365,0.00019232888577649,4.91188632375711e-05,6.10433302655871e-05,3.43436216000467e-06,0.999999999999778,0.00114813953472606,3.99886447777745e-05,6.5410668415472e-06,0.000644075493321992,0.000345729821026941,0.000553893806159595,2.84779935849922e-05,0.00146078810994674,4.74268225919801e-05,1.64909970977879e-09,1.14376498951642e-06,1.20513945939567e-09,8.26681224373842e-05,4.41628350176913e-05,5.06593033262811e-05,8.51372472823195e-05,5.67873300284199e-05,0.00018458854938946
"120",NA,NA,NA,NA,NA,NA,NA,NA,NA,NA,NA,NA,NA,NA,NA,NA,NA,NA,NA,NA,NA,NA,NA,NA,NA,NA,NA,NA,NA,NA,NA,NA,NA,NA,NA,NA,NA,NA,NA,NA,0.000676422263126195,0.000798200242032409,7.6024723687339e-10,0.000491530796214703,0.000226147637825091,0.000847648317362643,0.00395580352509121,0.000457477791600275,0.000470722300608376,0.00045864359161723,0.00156297152211503,0.000621566046935881,8.05522194715234e-05,3.42202232283602e-05,0.000822541433464777,5.84226949199844e-05,0.000459387308743886,0.00489151113622384,1.43815987518977e-05,0.000415949385814369,0.000825456940976899,2.32763817187772e-10,0.00794832076489734,0.000696415122359146,0.000192980638685238,0.00798875162090455,0.00162934447089448,0.000416564008076881,0.000517646061471,2.91358693366852e-05,1,0.0096576616781289,0.000339156220722458,5.54907226310239e-05,0.00543802857452213,0.00292555088076775,0.00467975394695456,0.000241551584838992,0.01225908894393,0.00040221935305558,1.3990716696872e-08,9.70344913998682e-06,1.0224223988802e-08,0.00070091042925296,0.000374547138510284,0.000429623119484299,0.000721831835521362,0.000481570607250609,0.00156386145157516
"122",NA,NA,NA,NA,NA,NA,NA,NA,NA,NA,NA,NA,NA,NA,NA,NA,NA,NA,NA,NA,NA,NA,NA,NA,NA,NA,NA,NA,NA,NA,NA,NA,NA,NA,NA,NA,NA,NA,NA,NA,NA,0.000106404319287578,1.19522195652356e-10,7.73079916409722e-05,3.55605565605261e-05,0.000133358217123282,0.000623991588077048,7.19500673575472e-05,7.40339313883503e-05,7.21334900862424e-05,0.00024604652074855,9.77706625857293e-05,1.2664869163269e-05,5.38008423755847e-06,0.000129405478846996,9.18537058012489e-06,7.22505040186355e-05,0.000772201845101881,2.26102905730828e-06,6.54163744287344e-05,0.000129864477363182,3.65939409405201e-11,0.00125802162029942,0.000109551134545937,3.03443676299131e-05,0.00126446419647204,0.000256509468419515,6.55130700407267e-05,8.14171947477617e-05,4.5807053511046e-06,0.999999999999834,0.00153078793689539,5.33356575722425e-05,8.7243765847642e-06,0.000858875437622114,0.000461077034305568,0.000738640279799974,3.79832414511654e-05,0.00194743191192299,6.32563194723152e-05,2.19954919386899e-09,1.52553929072745e-06,1.60740039616031e-09,0.000110258696794987,5.89029855155442e-05,6.75676219239967e-05,0.000113551801117338,7.57408164985334e-05,0.0002461868003503
"123",NA,NA,NA,NA,NA,NA,NA,NA,NA,NA,NA,NA,NA,NA,NA,NA,NA,NA,NA,NA,NA,NA,NA,NA,NA,NA,NA,NA,NA,NA,NA,NA,NA,NA,NA,NA,NA,NA,NA,NA,NA,NA,1.0127486527246e-10,7.35790489279701e-11,3.38438839128192e-11,1.26932812931675e-10,5.94218294728046e-10,6.84791966152549e-11,7.0462681904971e-11,6.86537836263689e-11,2.34218017743024e-10,9.30566094592401e-11,1.20532013369154e-11,5.12020813548158e-12,1.23170036746965e-10,8.74171965772824e-12,6.87651608749718e-11,7.35465881394389e-10,2.15180706350497e-12,6.22602821688356e-11,1.23606975023661e-10,2.22044604925031e-16,1.1987565782313e-09,1.0427030954075e-10,2.88793539182431e-11,1.20490341891852e-09,2.441805224814e-10,6.23523186134301e-11,7.74903635101124e-11,4.35943844380794e-12,0.999999825367932,1.45907143740857e-09,5.07618008587629e-11,8.30298772038808e-12,8.18087111777222e-10,4.39005522436753e-10,7.03477312647381e-10,3.61497021734064e-11,1.85697077246978e-09,6.02043116284711e-11,2.22044604925031e-16,1.45184503333223e-12,2.22044604925031e-16,1.04943838578671e-10,5.60607744279206e-11,6.43078784727568e-11,1.08078559606355e-10,7.2087353328869e-11,2.34351586390334e-10
"124",NA,NA,NA,NA,NA,NA,NA,NA,NA,NA,NA,NA,NA,NA,NA,NA,NA,NA,NA,NA,NA,NA,NA,NA,NA,NA,NA,NA,NA,NA,NA,NA,NA,NA,NA,NA,NA,NA,NA,NA,NA,NA,NA,6.55062334017821e-05,2.1891730507373e-05,8.21008495704839e-05,0.000384227568993533,4.42944000271685e-05,4.5577319379606e-05,4.44073231320042e-05,0.000151483005109525,6.01908515595569e-05,7.79665700830778e-06,3.31204005947627e-06,7.96672588933779e-05,5.65462518401536e-06,4.44793620672817e-05,0.000475516259574314,1.39191311964971e-06,4.02719814765399e-05,7.99498510944139e-05,2.25275929391016e-11,0.000774825268096785,6.74436049013224e-05,1.86805115237032e-05,0.000778795230294394,0.000157925343910093,4.03315112501716e-05,5.0122801128292e-05,2.81993260547935e-06,0.99999999999973,0.000942923069024387,3.28346328877117e-05,5.37083075514246e-06,0.000528906851720755,0.000283893910234112,0.000454843423086218,2.33832015142506e-05,0.00119975650326848,3.8942164451864e-05,1.35406429744057e-09,9.3913766659421e-07,9.89531624800175e-10,6.78792240444789e-05,3.62620830501747e-05,4.15963784674758e-05,6.99066661406454e-05,4.66281552780978e-05,0.000151569378965482
"125",NA,NA,NA,NA,NA,NA,NA,NA,NA,NA,NA,NA,NA,NA,NA,NA,NA,NA,NA,NA,NA,NA,NA,NA,NA,NA,NA,NA,NA,NA,NA,NA,NA,NA,NA,NA,NA,NA,NA,NA,NA,NA,NA,NA,3.01317266386451e-05,3.77652995488786e-05,0.000176768417296361,2.0374419270032e-05,2.09645475963274e-05,2.04263625824656e-05,6.9682779934407e-05,2.76866640763593e-05,3.58621468401402e-06,1.52342958228402e-06,3.66458320209243e-05,2.60094504453041e-06,2.04594996565986e-05,0.000218777642049326,6.40233628085829e-07,1.85241577384991e-05,3.67758261190255e-05,1.03619338840809e-11,0.000356542711227978,3.1022916249774e-05,8.59249270823295e-06,0.000358370293139243,7.26465339607751e-05,1.8551540620966e-05,2.30554241387128e-05,1.29707598109143e-06,0.999999999999413,0.000433933811828809,1.51030928608903e-05,2.47040838996311e-06,0.00024334884207779,0.000130601658250191,0.000209264054383608,1.07556208252893e-05,0.000552205355096684,1.79124605364822e-05,6.22823964055627e-10,4.3197190977594e-07,4.55151214133665e-10,3.12233010249199e-05,1.66796633064749e-05,1.9133362674156e-05,3.21559254868074e-05,2.14479207798253e-05,6.97225155013408e-05
"126",NA,NA,NA,NA,NA,NA,NA,NA,NA,NA,NA,NA,NA,NA,NA,NA,NA,NA,NA,NA,NA,NA,NA,NA,NA,NA,NA,NA,NA,NA,NA,NA,NA,NA,NA,NA,NA,NA,NA,NA,NA,NA,NA,NA,NA,0.000113000856267824,0.00066265468823957,7.6410775829032e-05,7.86238236031711e-05,7.66055693967964e-05,0.000261297915263013,0.000103832011502227,1.34501060425644e-05,5.71365840928774e-06,0.000137427776987854,9.75487653312263e-06,7.67298373166259e-05,0.000820040655538593,2.40121708412557e-06,6.94720398534697e-05,0.000137915226502216,3.886283911124e-11,0.00133591729757457,0.000116342735674439,3.22257190163738e-05,0.00134275825650612,0.000272409240573908,6.95747299548715e-05,8.64647886138262e-05,4.86471694333166e-06,0.999999999999843,0.00162554559383721,5.66423886408055e-05,9.26530052358616e-06,0.000912078877601405,0.000489650742716929,0.000784401544054821,4.03381840587673e-05,0.00206792692839814,6.71780754328009e-05,2.33592568141445e-09,1.62012565146196e-06,1.70706246366779e-09,0.00011709415796961,6.2554861004219e-05,7.17566501965464e-05,0.000120591392873908,8.04365222006545e-05,0.000261446887936501
"128",NA,NA,NA,NA,NA,NA,NA,NA,NA,NA,NA,NA,NA,NA,NA,NA,NA,NA,NA,NA,NA,NA,NA,NA,NA,NA,NA,NA,NA,NA,NA,NA,NA,NA,NA,NA,NA,NA,NA,NA,NA,NA,NA,NA,NA,NA,0.000528777809236295,0.00035760581789679,0.000367959982639259,0.000358517203406106,0.00122205428527542,0.000485889380826416,6.2961681688388e-05,2.6747133915714e-05,0.000643023689025104,4.5664456768746e-05,0.000359098618129982,0.00382735192050328,1.12408641694598e-05,0.00032514052901278,0.000645303304786521,1.81930971662064e-10,0.00622330469968244,0.000544409152223625,0.000150842322731336,0.00625501621309037,0.00127396835882808,0.000325621012446312,0.000404644070732007,2.27730873754567e-05,1,0.00756449780781983,0.00026510817730078,4.3372735297324e-05,0.00425548171189561,0.00228810729500287,0.00366149347482328,0.000188809555588033,0.00960757168604702,0.000314407054134945,1.09353108284219e-08,7.58434748475777e-06,7.99137525456352e-09,0.000547923810077988,0.00029277445215501,0.000335830055967404,0.000564281312428587,0.000376440911992864,0.00122275033996912
"129",NA,NA,NA,NA,NA,NA,NA,NA,NA,NA,NA,NA,NA,NA,NA,NA,NA,NA,NA,NA,NA,NA,NA,NA,NA,NA,NA,NA,NA,NA,NA,NA,NA,NA,NA,NA,NA,NA,NA,NA,NA,NA,NA,NA,NA,NA,NA,6.09661944410225e-05,4.24184345963867e-05,4.13295254034255e-05,0.000140985016231537,5.60191850033164e-05,7.25626526181011e-06,3.08247928995721e-06,7.41458348513748e-05,5.26269837903526e-06,4.13965716465788e-05,0.000442572242681317,1.29543807341685e-06,3.74807866591334e-05,7.44088431570398e-05,2.09661783974661e-11,0.000721159926755504,6.27693010089083e-05,1.73857653291423e-05,0.000724855124002188,0.000146980957372089,3.75361906621346e-05,4.66488916029865e-05,2.62448020038591e-06,0.99999999999971,0.000877625295163142,3.05588945657379e-05,4.99857388126867e-06,0.000492265728207717,0.00026422208121979,0.000423331024598704,2.17625189848173e-05,0.00111669279842261,3.62431340554616e-05,1.26021247370474e-09,8.74044963102643e-07,9.20945998667924e-10,6.31747306683717e-05,3.37487993151166e-05,3.87133950971816e-05,6.50616663365392e-05,4.33964420461049e-05,0.000141065405100281
"130",NA,NA,NA,NA,NA,NA,NA,NA,NA,NA,NA,NA,NA,NA,NA,NA,NA,NA,NA,NA,NA,NA,NA,NA,NA,NA,NA,NA,NA,NA,NA,NA,NA,NA,NA,NA,NA,NA,NA,NA,NA,NA,NA,NA,NA,NA,NA,NA,6.27319564524452e-05,4.25265753623342e-05,0.000145068024685716,5.76416751922038e-05,7.4664398645404e-06,3.17176236040483e-06,7.6293289257414e-05,5.41513048703234e-06,4.25955634202812e-05,0.000455385415483095,1.3329601102474e-06,3.85663677631973e-05,7.65639143779624e-05,2.15734592723955e-11,0.000742032670099057,6.45872829671406e-05,1.78893312963945e-05,0.000745834738698326,0.000151237585519908,3.86233764074294e-05,4.80000019188325e-05,2.70049750301979e-06,0.999999999999718,0.000903022569170293,3.1443998581592e-05,5.14335576043054e-06,0.000506516877678364,0.000271873136632411,0.000435587376184137,2.23928515793633e-05,0.00114900040244055,3.72928695358834e-05,1.2967142585386e-09,8.99361465828934e-07,9.47621002605864e-10,6.50044542881959e-05,3.47262921262746e-05,3.98346756420441e-05,6.69460374328793e-05,4.46533545844171e-05,0.0001451507413251
"132",NA,NA,NA,NA,NA,NA,NA,NA,NA,NA,NA,NA,NA,NA,NA,NA,NA,NA,NA,NA,NA,NA,NA,NA,NA,NA,NA,NA,NA,NA,NA,NA,NA,NA,NA,NA,NA,NA,NA,NA,NA,NA,NA,NA,NA,NA,NA,NA,NA,6.11216176296773e-05,0.000141344405283119,5.6161997321247e-05,7.27476490127116e-06,3.0903380150824e-06,7.43348548468871e-05,5.27611550391667e-06,4.15021074023049e-05,0.000443700075444243,1.29874077524139e-06,3.75763399505584e-05,7.4598533589671e-05,2.1019631454774e-11,0.000722997187314933,6.2929320629047e-05,1.74300893873808e-05,0.000726701791771778,0.000147355628601023,3.76318851948752e-05,4.67678169127032e-05,2.63117126819905e-06,0.999999999999711,0.000879860823188046,3.06368017678695e-05,5.01131763037277e-06,0.000493520135264353,0.0002648955342705,0.000424409844658352,2.18180010937709e-05,0.00111953660796954,3.6335532197457e-05,1.26342537250853e-09,8.76273329840628e-07,9.23293941066708e-10,6.33357837967667e-05,3.38348386224454e-05,3.88120906711557e-05,6.52275295696315e-05,4.35070760175209e-05,0.000141424999044507
"135",NA,NA,NA,NA,NA,NA,NA,NA,NA,NA,NA,NA,NA,NA,NA,NA,NA,NA,NA,NA,NA,NA,NA,NA,NA,NA,NA,NA,NA,NA,NA,NA,NA,NA,NA,NA,NA,NA,NA,NA,NA,NA,NA,NA,NA,NA,NA,NA,NA,NA,0.000208490683777092,0.000191575316685245,2.48180221564583e-05,1.05428632143183e-05,0.00025355400528124,1.79996720687454e-05,0.000141573676292008,0.00151210124794078,4.43074687512432e-06,0.000128183152162841,0.000254453243950237,7.17101979460416e-11,0.00246227111162594,0.000214655966393621,5.94616811479009e-05,0.00247486560410879,0.000502537239843901,0.000128372614958272,0.00015953425301002,8.97639978396646e-06,1,0.00299536168726314,0.000104512242132509,1.70963148006861e-05,0.00168168296936548,0.00090313591829422,0.00144642860112996,7.44299853007151e-05,0.00380910699266252,0.000123950789099806,4.31027934415125e-09,2.98947206982952e-06,3.14989305472198e-09,0.000216042226705289,0.000115420911218274,0.000132398240647079,0.000222494072187919,0.000148412389232646,0.000482318493492915
"139",NA,NA,NA,NA,NA,NA,NA,NA,NA,NA,NA,NA,NA,NA,NA,NA,NA,NA,NA,NA,NA,NA,NA,NA,NA,NA,NA,NA,NA,NA,NA,NA,NA,NA,NA,NA,NA,NA,NA,NA,NA,NA,NA,NA,NA,NA,NA,NA,NA,NA,NA,8.28453529262256e-05,9.86053746922315e-06,4.18878678922853e-06,0.000100754341932509,7.15148493235147e-06,5.62531039804152e-05,0.000601317388097116,1.76037431497822e-06,5.09320812916648e-05,0.000101111725744489,2.84910099921412e-11,0.000979733056907194,8.52954916662042e-05,2.36254272729892e-05,0.000984751867813899,0.000199722379131358,5.10073679497452e-05,6.33902736122597e-05,3.56641156839169e-06,0.999999999999787,0.00119223241823475,4.15261286519193e-05,6.79256659021176e-06,0.000668823380622195,0.000359018224682105,0.000575178556391,2.95729288981125e-05,0.00151686964277045,4.92502755269265e-05,1.71250694732774e-09,1.18774225295658e-06,1.25147659932943e-09,8.58464064847242e-05,4.58608008457061e-05,5.26070312192556e-05,8.84104516690688e-05,5.8970651856953e-05,0.00019168454633055
"143",NA,NA,NA,NA,NA,NA,NA,NA,NA,NA,NA,NA,NA,NA,NA,NA,NA,NA,NA,NA,NA,NA,NA,NA,NA,NA,NA,NA,NA,NA,NA,NA,NA,NA,NA,NA,NA,NA,NA,NA,NA,NA,NA,NA,NA,NA,NA,NA,NA,NA,NA,NA,1.07313573951397e-05,5.42556567555896e-07,1.30513984349074e-05,9.26305233396571e-07,7.28656668920334e-06,7.79267082782706e-05,2.2801366482465e-07,6.59729440077701e-06,1.30976968772908e-05,3.6903115394341e-12,0.000127008704571166,1.10487592277931e-05,3.06015757043023e-06,0.00012765988148535,2.58736337978104e-05,6.60704680612652e-06,8.21110824539251e-06,4.61942578627439e-07,0.999999999998352,0.000154584897076198,5.37888587949312e-06,8.79815601153134e-07,8.66801292110097e-05,4.6516542464224e-05,7.4537593806509e-05,3.83054620491713e-06,0.000196733023205112,6.37943871601734e-06,2.21813272330175e-10,1.53843035918653e-07,1.62098098383582e-10,1.11201273617737e-05,5.94037905566621e-06,6.8142626365461e-06,1.14522869086116e-05,7.63859366991718e-06,2.48321748991237e-05
"144",NA,NA,NA,NA,NA,NA,NA,NA,NA,NA,NA,NA,NA,NA,NA,NA,NA,NA,NA,NA,NA,NA,NA,NA,NA,NA,NA,NA,NA,NA,NA,NA,NA,NA,NA,NA,NA,NA,NA,NA,NA,NA,NA,NA,NA,NA,NA,NA,NA,NA,NA,NA,NA,4.55871606832891e-06,5.54428456419319e-06,3.93495303564782e-07,3.09535146462322e-06,3.31048026095982e-05,9.68603727850252e-08,2.80254578880785e-06,5.56395246986687e-06,1.56764685484103e-12,5.39573260570653e-05,4.69355027215738e-06,1.29995930789599e-06,5.42339869788696e-05,1.09913008337363e-05,2.80668864870663e-06,3.48810084831028e-06,1.96233574097823e-07,0.99999999999612,6.56736090499048e-05,2.28496145382924e-06,3.73746455614384e-07,3.68236138776067e-05,1.97607876390815e-05,3.16649782081695e-05,1.62722222153007e-06,8.35817803940607e-05,2.70999985479416e-06,9.42264291397323e-11,6.53526321994253e-08,6.88593825790806e-11,4.72386789066458e-06,2.52348569040062e-06,2.89471475412462e-06,4.86497132437242e-06,3.2448940495519e-06,1.05488754807414e-05
"145",NA,NA,NA,NA,NA,NA,NA,NA,NA,NA,NA,NA,NA,NA,NA,NA,NA,NA,NA,NA,NA,NA,NA,NA,NA,NA,NA,NA,NA,NA,NA,NA,NA,NA,NA,NA,NA,NA,NA,NA,NA,NA,NA,NA,NA,NA,NA,NA,NA,NA,NA,NA,NA,NA,0.000109651444105657,9.4657072567341e-06,7.44554395363111e-05,0.000795750844369322,2.33003595137935e-06,6.74127605478139e-05,0.000133827436521763,3.77107952692021e-11,0.00129636691533508,0.000112894279415681,3.12704547827503e-05,0.0013030056091077,0.000264336118810533,6.7512406930858e-05,8.39018551794579e-05,4.72050872615719e-06,0.999999999999839,0.00157743419041217,5.49633829397872e-05,8.99064389296137e-06,0.000885065285908258,0.000475142510474032,0.000761166568184943,3.91424521306446e-05,0.00200674864663713,6.51867890277595e-05,2.2666798709622e-09,1.57209897897493e-06,1.65645857468197e-09,0.00011362343171315,6.07006071819639e-05,6.96296555451928e-05,0.000117017019051205,7.80522607988445e-05,0.000253698564072508
"146",NA,NA,NA,NA,NA,NA,NA,NA,NA,NA,NA,NA,NA,NA,NA,NA,NA,NA,NA,NA,NA,NA,NA,NA,NA,NA,NA,NA,NA,NA,NA,NA,NA,NA,NA,NA,NA,NA,NA,NA,NA,NA,NA,NA,NA,NA,NA,NA,NA,NA,NA,NA,NA,NA,NA,7.7830604382097e-06,5.28467491742101e-06,5.65184305245597e-05,1.65369481946794e-07,4.78477054110837e-06,9.49928596335657e-06,2.67643989556007e-12,9.21177039959289e-05,8.01326106005347e-06,2.21941551726591e-06,9.25900104127559e-05,1.87652769313527e-05,4.79184360829166e-06,5.95521192101747e-06,3.35029086459121e-07,0.999999999997728,0.000112119194740239,3.90110316767425e-06,6.3809630154311e-07,6.28672344935148e-05,3.37370760776143e-05,5.40603342222385e-05,2.77814958561419e-06,0.00014269054734259,4.62676769535e-06,1.60872567294367e-10,1.11576394564468e-07,1.17563466631777e-10,8.06502191612541e-06,4.30833366711107e-06,4.94212977102196e-06,8.30592585243362e-06,5.53998748625516e-06,1.80099366443517e-05
"147",NA,NA,NA,NA,NA,NA,NA,NA,NA,NA,NA,NA,NA,NA,NA,NA,NA,NA,NA,NA,NA,NA,NA,NA,NA,NA,NA,NA,NA,NA,NA,NA,NA,NA,NA,NA,NA,NA,NA,NA,NA,NA,NA,NA,NA,NA,NA,NA,NA,NA,NA,NA,NA,NA,NA,NA,6.12207693512394e-05,0.000444419571568623,1.30084772373565e-06,3.76372978703959e-05,7.47195459821347e-05,2.10537316688413e-11,0.00072416925852761,6.30314046284703e-05,1.74583657824208e-05,0.000727879864249093,0.000147594648816388,3.76929332191487e-05,4.68436849347325e-05,2.63543981435446e-06,0.999999999999711,0.000881286966212605,3.06865024223288e-05,5.0194474658824e-06,0.000494320378756138,0.000265325161105919,0.000425098073391996,2.18533957318996e-05,0.00112135079909328,3.63944773000064e-05,1.26547503145235e-09,8.77694909565633e-07,9.24791803723182e-10,6.34385271192674e-05,3.38897271270957e-05,3.88750531998758e-05,6.53333414820368e-05,4.35776546076845e-05,0.000141654400763878
"156",NA,NA,NA,NA,NA,NA,NA,NA,NA,NA,NA,NA,NA,NA,NA,NA,NA,NA,NA,NA,NA,NA,NA,NA,NA,NA,NA,NA,NA,NA,NA,NA,NA,NA,NA,NA,NA,NA,NA,NA,NA,NA,NA,NA,NA,NA,NA,NA,NA,NA,NA,NA,NA,NA,NA,NA,NA,0.000654387732151471,1.39128163143716e-05,0.000402396371371379,0.000798571468226607,2.25176544759074e-10,0.00769122647915488,0.000673729760832615,0.000186691330731969,0.00773035975986161,0.0015763173567337,0.000402990975270168,0.000500781091177346,2.81861704103659e-05,1,0.00934579837052769,0.000328104561696018,5.36820195702521e-05,0.00526170087880605,0.00283045824882764,0.00452790131670733,0.000233679702372957,0.0118642272306926,0.000389113534595931,1.35346691078541e-08,9.38715418520639e-06,9.89095066065978e-09,0.000678078734796954,0.000362342657976928,0.000415624754572055,0.000698319116308519,0.000465880431696496,0.00151296225662115
"157",NA,NA,NA,NA,NA,NA,NA,NA,NA,NA,NA,NA,NA,NA,NA,NA,NA,NA,NA,NA,NA,NA,NA,NA,NA,NA,NA,NA,NA,NA,NA,NA,NA,NA,NA,NA,NA,NA,NA,NA,NA,NA,NA,NA,NA,NA,NA,NA,NA,NA,NA,NA,NA,NA,NA,NA,NA,NA,1.91584074359822e-06,1.17779345345413e-06,2.33830159406055e-06,6.58815713358507e-13,2.26766928848072e-05,1.97250616437878e-06,5.46318363454938e-07,2.27929690696998e-05,4.61920860525108e-06,1.17953452802514e-06,1.46590431933241e-06,8.24686863706097e-08,0.999999999990769,2.76008929271168e-05,9.60273992639648e-07,1.57069872186139e-07,1.54757388682714e-05,8.30471895568844e-06,1.33076962535993e-05,6.83853367031615e-07,3.51275916871449e-05,1.13890018473012e-06,3.95993855009822e-11,2.74649500942064e-08,2.89386880195243e-11,1.98524744756571e-06,1.0605159270066e-06,1.21652830180987e-06,2.04454758638638e-06,1.36369438247031e-06,4.4332736074777e-06
"158",NA,NA,NA,NA,NA,NA,NA,NA,NA,NA,NA,NA,NA,NA,NA,NA,NA,NA,NA,NA,NA,NA,NA,NA,NA,NA,NA,NA,NA,NA,NA,NA,NA,NA,NA,NA,NA,NA,NA,NA,NA,NA,NA,NA,NA,NA,NA,NA,NA,NA,NA,NA,NA,NA,NA,NA,NA,NA,NA,5.54298775705761e-05,6.76518870716159e-05,1.9062142191253e-11,0.00065571098233204,5.70692540636228e-05,1.58069080488874e-05,0.00065907104275118,0.000133634716557884,3.41274708844473e-05,4.24126683978539e-05,2.38613951160626e-06,0.999999999999681,0.000797987659525895,2.77837762791637e-05,4.54463219405504e-06,0.00044758079621649,0.000240232609158794,0.000384901162084809,1.97862024893965e-05,0.0010153837021019,3.29518348871889e-05,1.14576671591028e-09,7.94668936552191e-07,8.37310607861178e-10,5.74378689854773e-05,3.06840078746555e-05,3.5197775319153e-05,5.91534632258884e-05,3.94555647359074e-05,0.000128256242416546
"159",NA,NA,NA,NA,NA,NA,NA,NA,NA,NA,NA,NA,NA,NA,NA,NA,NA,NA,NA,NA,NA,NA,NA,NA,NA,NA,NA,NA,NA,NA,NA,NA,NA,NA,NA,NA,NA,NA,NA,NA,NA,NA,NA,NA,NA,NA,NA,NA,NA,NA,NA,NA,NA,NA,NA,NA,NA,NA,NA,NA,0.000110040383186628,3.78445720410077e-11,0.00130095971594897,0.00011329471969014,3.13813813539758e-05,0.00130762189865445,0.000265273586498018,6.77518868963304e-05,8.4199466889576e-05,4.73725436683203e-06,0.999999999999839,0.00158302118471143,5.51583514710884e-05,9.02253737216684e-06,0.000888202212927663,0.000476827246162118,0.000763864698096512,3.92813021644012e-05,0.00201385313017288,6.54180201026329e-05,2.27472078107855e-09,1.57767589648811e-06,1.66233476156184e-09,0.000114026458023413,6.09159258078452e-05,6.98766452887273e-05,0.000117432081121453,7.83291247983409e-05,0.000254598315294051
"160",NA,NA,NA,NA,NA,NA,NA,NA,NA,NA,NA,NA,NA,NA,NA,NA,NA,NA,NA,NA,NA,NA,NA,NA,NA,NA,NA,NA,NA,NA,NA,NA,NA,NA,NA,NA,NA,NA,NA,NA,NA,NA,NA,NA,NA,NA,NA,NA,NA,NA,NA,NA,NA,NA,NA,NA,NA,NA,NA,NA,NA,3.10071817059992e-11,3.6702159978969e-10,3.19242926246255e-11,8.84195078453838e-12,3.68903569278352e-10,7.47604038773896e-11,1.90903208588175e-11,2.37251145713025e-11,1.33472307853013e-12,0.999999429621423,4.46721830758982e-10,1.55416684945644e-11,2.54211396124322e-12,2.50472569581651e-10,1.34409697516773e-10,2.15382650075478e-10,1.10679029870083e-11,5.68546105491577e-10,1.84326686100569e-11,2.22044604925031e-16,4.44509332431657e-13,2.22044604925031e-16,3.21305060538754e-11,1.7164047708526e-11,1.96890518443689e-11,3.30902591401821e-11,2.20708826154852e-11,7.17510924691522e-11
"185",NA,NA,NA,NA,NA,NA,NA,NA,NA,NA,NA,NA,NA,NA,NA,NA,NA,NA,NA,NA,NA,NA,NA,NA,NA,NA,NA,NA,NA,NA,NA,NA,NA,NA,NA,NA,NA,NA,NA,NA,NA,NA,NA,NA,NA,NA,NA,NA,NA,NA,NA,NA,NA,NA,NA,NA,NA,NA,NA,NA,NA,NA,0.00106616552523202,0.00109766528438985,0.000304257682938409,0.0125388724167126,0.0025667354258729,0.000656679652489578,0.000815979815723883,4.59406182590471e-05,1,0.0151438258396043,0.000534676368866537,8.74948787148171e-05,0.00854786279422292,0.00460523265028537,0.00735916383902087,0.000380825078211509,0.0191943871232211,0.000634071702689997,2.20605386420503e-08,1.53002968316668e-05,1.61215392868606e-08,0.00110474776736922,0.000590457743696198,0.000677261190989642,0.00113770955082576,0.000759128870064449,0.00246367182352277
"197",NA,NA,NA,NA,NA,NA,NA,NA,NA,NA,NA,NA,NA,NA,NA,NA,NA,NA,NA,NA,NA,NA,NA,NA,NA,NA,NA,NA,NA,NA,NA,NA,NA,NA,NA,NA,NA,NA,NA,NA,NA,NA,NA,NA,NA,NA,NA,NA,NA,NA,NA,NA,NA,NA,NA,NA,NA,NA,NA,NA,NA,NA,NA,9.28276283305912e-05,2.64723120244881e-05,0.00110328755140292,0.000223784352578953,5.71536120340731e-05,7.10285169428584e-05,3.99617695651356e-06,0.999999999999809,0.00133570937592801,4.65299632832076e-05,7.61109227303509e-06,0.000749358924111168,0.000402263978374467,0.000644445245435726,3.31364690740996e-05,0.00169934798473581,5.51848066108846e-05,1.91887100219264e-09,1.33086983681915e-06,1.40228462153487e-09,9.61902526981091e-05,5.13869299675894e-05,5.89460188565283e-05,9.90632154314574e-05,6.60763858022005e-05,0.000214778353003222
"200",NA,NA,NA,NA,NA,NA,NA,NA,NA,NA,NA,NA,NA,NA,NA,NA,NA,NA,NA,NA,NA,NA,NA,NA,NA,NA,NA,NA,NA,NA,NA,NA,NA,NA,NA,NA,NA,NA,NA,NA,NA,NA,NA,NA,NA,NA,NA,NA,NA,NA,NA,NA,NA,NA,NA,NA,NA,NA,NA,NA,NA,NA,NA,NA,2.57118434229806e-05,0.000305817342000399,6.19907374669497e-05,1.58302742871406e-05,1.96735104920598e-05,1.10680924034178e-06,0.999999999999312,0.000370304008212614,1.28876618128371e-05,2.10802708854248e-06,0.000207659624121213,0.000111445949273316,0.000178572773245758,9.177902609859e-06,0.000471241001929491,1.52849373893505e-05,5.31462456691224e-10,3.68606348128435e-07,3.88385477091111e-10,2.6643304091963e-05,1.42329727784382e-05,1.63267521121901e-05,2.74391300787628e-05,1.8301801452759e-05,5.94955886323435e-05
"202",NA,NA,NA,NA,NA,NA,NA,NA,NA,NA,NA,NA,NA,NA,NA,NA,NA,NA,NA,NA,NA,NA,NA,NA,NA,NA,NA,NA,NA,NA,NA,NA,NA,NA,NA,NA,NA,NA,NA,NA,NA,NA,NA,NA,NA,NA,NA,NA,NA,NA,NA,NA,NA,NA,NA,NA,NA,NA,NA,NA,NA,NA,NA,NA,NA,0.00107162662283793,0.00257986287038323,0.000660044673387689,0.000820160467868888,4.61761761924126e-05,1,0.0152202966424759,0.000537416545033169,8.79434850401657e-05,0.00859131693982049,0.00462873750805147,0.00739662016499311,0.000382777080059907,0.0192909111439575,0.000637320947644053,2.21736580326973e-08,1.53787506583773e-05,1.62042053876706e-08,0.00111040627069809,0.000593483625459287,0.00068073160594144,0.00114353669069322,0.000763018470242765,0.00247627346284781
"204",NA,NA,NA,NA,NA,NA,NA,NA,NA,NA,NA,NA,NA,NA,NA,NA,NA,NA,NA,NA,NA,NA,NA,NA,NA,NA,NA,NA,NA,NA,NA,NA,NA,NA,NA,NA,NA,NA,NA,NA,NA,NA,NA,NA,NA,NA,NA,NA,NA,NA,NA,NA,NA,NA,NA,NA,NA,NA,NA,NA,NA,NA,NA,NA,NA,NA,0.000217356944262704,0.000133832236031306,0.000166318942020916,9.35820896066585e-06,1,0.00312237210959519,0.000108957204442004,1.78234966082931e-05,0.00175308825180555,0.000941514795712518,0.00150785992735751,7.75956322082225e-05,0.00397048472911403,0.000129222376505189,4.49361783630119e-09,3.11662939587029e-06,3.28387431154436e-09,0.000225229551241845,0.000120329769304083,0.000138029045868727,0.000231955701646346,0.000154724159679478,0.000502823680096734
"205",NA,NA,NA,NA,NA,NA,NA,NA,NA,NA,NA,NA,NA,NA,NA,NA,NA,NA,NA,NA,NA,NA,NA,NA,NA,NA,NA,NA,NA,NA,NA,NA,NA,NA,NA,NA,NA,NA,NA,NA,NA,NA,NA,NA,NA,NA,NA,NA,NA,NA,NA,NA,NA,NA,NA,NA,NA,NA,NA,NA,NA,NA,NA,NA,NA,NA,NA,5.55118124009555e-05,4.24753623861609e-05,2.38966682090392e-06,0.999999999999681,0.000799166344403806,2.78248465850755e-05,4.55135027933965e-06,0.000448242137266487,0.000240587648278819,0.000385469924030633,1.98154509216371e-05,0.00101688316970014,3.30005444261979e-05,1.14746044891436e-09,7.95843657301915e-07,8.38548364720358e-10,5.75227717995285e-05,3.07293652053857e-05,3.52498046995926e-05,5.92409018260317e-05,3.95138877354625e-05,0.000128445813230111
"207",NA,NA,NA,NA,NA,NA,NA,NA,NA,NA,NA,NA,NA,NA,NA,NA,NA,NA,NA,NA,NA,NA,NA,NA,NA,NA,NA,NA,NA,NA,NA,NA,NA,NA,NA,NA,NA,NA,NA,NA,NA,NA,NA,NA,NA,NA,NA,NA,NA,NA,NA,NA,NA,NA,NA,NA,NA,NA,NA,NA,NA,NA,NA,NA,NA,NA,NA,NA,6.89881730821662e-05,2.96983411855697e-06,0.999999999999744,0.000992997194223879,3.4579995722697e-05,5.65633172499588e-06,0.000557006817951195,0.00029898062879776,0.000479010404893363,2.46261749708626e-05,0.00126345257253873,4.10121668661546e-05,1.42604363805124e-09,9.89060290910702e-07,1.04213314012592e-09,7.14872894252829e-05,3.81896289992338e-05,4.38074616049381e-05,7.36224906354652e-05,4.91066927204634e-05,0.000159625216861421
"208",NA,NA,NA,NA,NA,NA,NA,NA,NA,NA,NA,NA,NA,NA,NA,NA,NA,NA,NA,NA,NA,NA,NA,NA,NA,NA,NA,NA,NA,NA,NA,NA,NA,NA,NA,NA,NA,NA,NA,NA,NA,NA,NA,NA,NA,NA,NA,NA,NA,NA,NA,NA,NA,NA,NA,NA,NA,NA,NA,NA,NA,NA,NA,NA,NA,NA,NA,NA,NA,3.88137650227059e-06,0.999999999995443,5.59162522645948e-05,1.9454584506545e-06,3.18214555777495e-07,3.13524669402602e-05,1.68247438321788e-05,2.69602658986764e-05,1.38544696554338e-06,7.11639335891275e-05,2.30734415361848e-06,8.02260976020455e-11,5.56424216441835e-08,5.86281322344589e-11,4.02198996510316e-06,2.1485424742098e-06,2.46461391347187e-06,4.14212816917181e-06,2.7627632142269e-06,8.9815187531225e-06
"210",NA,NA,NA,NA,NA,NA,NA,NA,NA,NA,NA,NA,NA,NA,NA,NA,NA,NA,NA,NA,NA,NA,NA,NA,NA,NA,NA,NA,NA,NA,NA,NA,NA,NA,NA,NA,NA,NA,NA,NA,NA,NA,NA,NA,NA,NA,NA,NA,NA,NA,NA,NA,NA,NA,NA,NA,NA,NA,NA,NA,NA,NA,NA,NA,NA,NA,NA,NA,NA,NA,0.999999999999804,1,0.999999999999609,0.999999999997608,1,1,1,0.999999999999451,1,0.99999999999967,0.999999990510596,0.999999999986318,0.999999987014803,0.999999999999811,0.999999999999646,0.999999999999691,0.999999999999816,0.999999999999724,1
"211",NA,NA,NA,NA,NA,NA,NA,NA,NA,NA,NA,NA,NA,NA,NA,NA,NA,NA,NA,NA,NA,NA,NA,NA,NA,NA,NA,NA,NA,NA,NA,NA,NA,NA,NA,NA,NA,NA,NA,NA,NA,NA,NA,NA,NA,NA,NA,NA,NA,NA,NA,NA,NA,NA,NA,NA,NA,NA,NA,NA,NA,NA,NA,NA,NA,NA,NA,NA,NA,NA,NA,0.00129738732519506,0.000650707962040828,0.000106492723629107,0.0103847896370795,0.00559967769431742,0.00894294468263227,0.000463484461512035,0.023265552184347,0.000771656697757241,2.68510740755533e-08,1.8622756554321e-05,1.96223969498453e-08,0.00134432572747661,0.000718585903509226,0.000824209992642772,0.00138442576664052,0.000923824496758081,0.00299706474720634
"212",NA,NA,NA,NA,NA,NA,NA,NA,NA,NA,NA,NA,NA,NA,NA,NA,NA,NA,NA,NA,NA,NA,NA,NA,NA,NA,NA,NA,NA,NA,NA,NA,NA,NA,NA,NA,NA,NA,NA,NA,NA,NA,NA,NA,NA,NA,NA,NA,NA,NA,NA,NA,NA,NA,NA,NA,NA,NA,NA,NA,NA,NA,NA,NA,NA,NA,NA,NA,NA,NA,NA,NA,4.51933257159364e-05,3.70531420671956e-06,0.00036494992744267,0.0001958741673848,0.000313838364336817,1.6132065351222e-05,0.000828013797123785,2.6866319935104e-05,9.34161874139197e-10,6.47906350894597e-07,6.82672690496376e-10,4.6830507262712e-05,2.5017302678331e-05,2.8697494030528e-05,4.8229288723064e-05,3.21689854992207e-05,0.000104571836604233
"215",NA,NA,NA,NA,NA,NA,NA,NA,NA,NA,NA,NA,NA,NA,NA,NA,NA,NA,NA,NA,NA,NA,NA,NA,NA,NA,NA,NA,NA,NA,NA,NA,NA,NA,NA,NA,NA,NA,NA,NA,NA,NA,NA,NA,NA,NA,NA,NA,NA,NA,NA,NA,NA,NA,NA,NA,NA,NA,NA,NA,NA,NA,NA,NA,NA,NA,NA,NA,NA,NA,NA,NA,NA,7.39244485278671e-06,5.9712224073341e-05,3.2043924269026e-05,5.13472779540339e-05,2.6387193840734e-06,0.000135530123747662,4.39455916962093e-06,1.52798648675695e-10,1.05976567015886e-07,1.11663157597632e-10,7.6602553800653e-06,4.09210666423417e-06,4.69409390669813e-06,7.8890689484156e-06,5.26194646591311e-06,1.7106064232443e-05
"218",NA,NA,NA,NA,NA,NA,NA,NA,NA,NA,NA,NA,NA,NA,NA,NA,NA,NA,NA,NA,NA,NA,NA,NA,NA,NA,NA,NA,NA,NA,NA,NA,NA,NA,NA,NA,NA,NA,NA,NA,NA,NA,NA,NA,NA,NA,NA,NA,NA,NA,NA,NA,NA,NA,NA,NA,NA,NA,NA,NA,NA,NA,NA,NA,NA,NA,NA,NA,NA,NA,NA,NA,NA,NA,0.000727847248040417,0.00314742726748864,0.00503399896804588,0.000259924136953999,0.0131794725320866,0.000432807097402739,1.50551352870258e-08,1.04416832265767e-05,1.10020865074619e-08,0.000754195721312587,0.000403031330797416,0.000462293885783728,0.000776706398784098,0.000518189681554742,0.00168264037719753
"219",NA,NA,NA,NA,NA,NA,NA,NA,NA,NA,NA,NA,NA,NA,NA,NA,NA,NA,NA,NA,NA,NA,NA,NA,NA,NA,NA,NA,NA,NA,NA,NA,NA,NA,NA,NA,NA,NA,NA,NA,NA,NA,NA,NA,NA,NA,NA,NA,NA,NA,NA,NA,NA,NA,NA,NA,NA,NA,NA,NA,NA,NA,NA,NA,NA,NA,NA,NA,NA,NA,NA,NA,NA,NA,NA,0.000390712381939596,0.00270768280706404,0.000139498440905744,0.00711588383788736,0.000232301446404383,8.0789533052058e-09,5.60328932150718e-06,5.90398832638094e-09,0.000404861331157502,0.000216316852556808,0.000248131342184671,0.000416949684158072,0.000278140023563211,0.00090365048859156
"223",NA,NA,NA,NA,NA,NA,NA,NA,NA,NA,NA,NA,NA,NA,NA,NA,NA,NA,NA,NA,NA,NA,NA,NA,NA,NA,NA,NA,NA,NA,NA,NA,NA,NA,NA,NA,NA,NA,NA,NA,NA,NA,NA,NA,NA,NA,NA,NA,NA,NA,NA,NA,NA,NA,NA,NA,NA,NA,NA,NA,NA,NA,NA,NA,NA,NA,NA,NA,NA,NA,NA,NA,NA,NA,NA,NA,0.000625943415870779,0.000223518240635712,0.0113540600437716,0.000372195615508679,1.29459882473588e-08,8.97887021363124e-06,9.46075075551784e-09,0.000648605308442119,0.000346588282304993,0.000397554636303584,0.000667966507912997,0.000445626321338558,0.00144725226921515
"228",NA,NA,NA,NA,NA,NA,NA,NA,NA,NA,NA,NA,NA,NA,NA,NA,NA,NA,NA,NA,NA,NA,NA,NA,NA,NA,NA,NA,NA,NA,NA,NA,NA,NA,NA,NA,NA,NA,NA,NA,NA,NA,NA,NA,NA,NA,NA,NA,NA,NA,NA,NA,NA,NA,NA,NA,NA,NA,NA,NA,NA,NA,NA,NA,NA,NA,NA,NA,NA,NA,NA,NA,NA,NA,NA,NA,NA,3.21845657737585e-05,0.000589805478182994,1.91328313563308e-05,6.65257594671032e-10,4.61402582113796e-07,4.86161129635945e-10,3.33505053602408e-05,1.78160454995771e-05,2.04369115079399e-05,3.43466661745173e-05,2.29091559779619e-05,7.44724276891595e-05
"231",NA,NA,NA,NA,NA,NA,NA,NA,NA,NA,NA,NA,NA,NA,NA,NA,NA,NA,NA,NA,NA,NA,NA,NA,NA,NA,NA,NA,NA,NA,NA,NA,NA,NA,NA,NA,NA,NA,NA,NA,NA,NA,NA,NA,NA,NA,NA,NA,NA,NA,NA,NA,NA,NA,NA,NA,NA,NA,NA,NA,NA,NA,NA,NA,NA,NA,NA,NA,NA,NA,NA,NA,NA,NA,NA,NA,NA,NA,0.00165061023667773,0.000981886436733988,3.41735559644774e-08,2.37011966144187e-05,2.49735664114514e-08,0.00171030606733985,0.000914370294324482,0.00104874229617577,0.00176130372028868,0.0011754619815087,0.00381127095163309
"232",NA,NA,NA,NA,NA,NA,NA,NA,NA,NA,NA,NA,NA,NA,NA,NA,NA,NA,NA,NA,NA,NA,NA,NA,NA,NA,NA,NA,NA,NA,NA,NA,NA,NA,NA,NA,NA,NA,NA,NA,NA,NA,NA,NA,NA,NA,NA,NA,NA,NA,NA,NA,NA,NA,NA,NA,NA,NA,NA,NA,NA,NA,NA,NA,NA,NA,NA,NA,NA,NA,NA,NA,NA,NA,NA,NA,NA,NA,NA,5.35995600221359e-05,1.10793099577677e-09,7.68427252277562e-07,8.09660782295999e-10,5.55412504104983e-05,2.96707849616992e-05,3.40355074394294e-05,5.72001983680534e-05,3.81527054972067e-05,0.000124021466352157
"235",NA,NA,NA,NA,NA,NA,NA,NA,NA,NA,NA,NA,NA,NA,NA,NA,NA,NA,NA,NA,NA,NA,NA,NA,NA,NA,NA,NA,NA,NA,NA,NA,NA,NA,NA,NA,NA,NA,NA,NA,NA,NA,NA,NA,NA,NA,NA,NA,NA,NA,NA,NA,NA,NA,NA,NA,NA,NA,NA,NA,NA,NA,NA,NA,NA,NA,NA,NA,NA,NA,NA,NA,NA,NA,NA,NA,NA,NA,NA,NA,1.86374628682264e-09,2.67180883167396e-11,2.22044604925031e-16,1.93126585690568e-09,1.03167809680675e-09,1.18344832621307e-09,1.98895366175727e-09,1.32661284515507e-09,4.31273738809137e-09
"245",NA,NA,NA,NA,NA,NA,NA,NA,NA,NA,NA,NA,NA,NA,NA,NA,NA,NA,NA,NA,NA,NA,NA,NA,NA,NA,NA,NA,NA,NA,NA,NA,NA,NA,NA,NA,NA,NA,NA,NA,NA,NA,NA,NA,NA,NA,NA,NA,NA,NA,NA,NA,NA,NA,NA,NA,NA,NA,NA,NA,NA,NA,NA,NA,NA,NA,NA,NA,NA,NA,NA,NA,NA,NA,NA,NA,NA,NA,NA,NA,NA,1.29263708111578e-06,1.95252126388265e-11,1.33946651485879e-06,7.15540597792243e-07,8.20803733651842e-07,1.37947694439048e-06,9.20098194682737e-07,2.99117688549702e-06
"255",NA,NA,NA,NA,NA,NA,NA,NA,NA,NA,NA,NA,NA,NA,NA,NA,NA,NA,NA,NA,NA,NA,NA,NA,NA,NA,NA,NA,NA,NA,NA,NA,NA,NA,NA,NA,NA,NA,NA,NA,NA,NA,NA,NA,NA,NA,NA,NA,NA,NA,NA,NA,NA,NA,NA,NA,NA,NA,NA,NA,NA,NA,NA,NA,NA,NA,NA,NA,NA,NA,NA,NA,NA,NA,NA,NA,NA,NA,NA,NA,NA,NA,1.36200023525758e-09,1.41134261143593e-09,7.5393620911871e-10,8.64847812075392e-10,1.45350006837005e-09,9.69470479813013e-10,3.15168935953797e-09
"265",NA,NA,NA,NA,NA,NA,NA,NA,NA,NA,NA,NA,NA,NA,NA,NA,NA,NA,NA,NA,NA,NA,NA,NA,NA,NA,NA,NA,NA,NA,NA,NA,NA,NA,NA,NA,NA,NA,NA,NA,NA,NA,NA,NA,NA,NA,NA,NA,NA,NA,NA,NA,NA,NA,NA,NA,NA,NA,NA,NA,NA,NA,NA,NA,NA,NA,NA,NA,NA,NA,NA,NA,NA,NA,NA,NA,NA,NA,NA,NA,NA,NA,NA,9.34271879005177e-05,5.17188441974331e-05,5.93267552345683e-05,9.97030456966787e-05,6.65031746462908e-05,0.000216165403523613
"266",NA,NA,NA,NA,NA,NA,NA,NA,NA,NA,NA,NA,NA,NA,NA,NA,NA,NA,NA,NA,NA,NA,NA,NA,NA,NA,NA,NA,NA,NA,NA,NA,NA,NA,NA,NA,NA,NA,NA,NA,NA,NA,NA,NA,NA,NA,NA,NA,NA,NA,NA,NA,NA,NA,NA,NA,NA,NA,NA,NA,NA,NA,NA,NA,NA,NA,NA,NA,NA,NA,NA,NA,NA,NA,NA,NA,NA,NA,NA,NA,NA,NA,NA,NA,4.99107762769596e-05,3.16931017576301e-05,5.32636277247563e-05,3.55269543855819e-05,0.000115486725260766
"271",NA,NA,NA,NA,NA,NA,NA,NA,NA,NA,NA,NA,NA,NA,NA,NA,NA,NA,NA,NA,NA,NA,NA,NA,NA,NA,NA,NA,NA,NA,NA,NA,NA,NA,NA,NA,NA,NA,NA,NA,NA,NA,NA,NA,NA,NA,NA,NA,NA,NA,NA,NA,NA,NA,NA,NA,NA,NA,NA,NA,NA,NA,NA,NA,NA,NA,NA,NA,NA,NA,NA,NA,NA,NA,NA,NA,NA,NA,NA,NA,NA,NA,NA,NA,NA,5.72527333370884e-05,6.10987645965923e-05,4.07531138845342e-05,0.000132473734033049
"272",NA,NA,NA,NA,NA,NA,NA,NA,NA,NA,NA,NA,NA,NA,NA,NA,NA,NA,NA,NA,NA,NA,NA,NA,NA,NA,NA,NA,NA,NA,NA,NA,NA,NA,NA,NA,NA,NA,NA,NA,NA,NA,NA,NA,NA,NA,NA,NA,NA,NA,NA,NA,NA,NA,NA,NA,NA,NA,NA,NA,NA,NA,NA,NA,NA,NA,NA,NA,NA,NA,NA,NA,NA,NA,NA,NA,NA,NA,NA,NA,NA,NA,NA,NA,NA,NA,9.62176327268631e-05,6.84895191986008e-05,0.000222620926717086
"277",NA,NA,NA,NA,NA,NA,NA,NA,NA,NA,NA,NA,NA,NA,NA,NA,NA,NA,NA,NA,NA,NA,NA,NA,NA,NA,NA,NA,NA,NA,NA,NA,NA,NA,NA,NA,NA,NA,NA,NA,NA,NA,NA,NA,NA,NA,NA,NA,NA,NA,NA,NA,NA,NA,NA,NA,NA,NA,NA,NA,NA,NA,NA,NA,NA,NA,NA,NA,NA,NA,NA,NA,NA,NA,NA,NA,NA,NA,NA,NA,NA,NA,NA,NA,NA,NA,NA,6.41782862441958e-05,0.000148497012519008
"otro",NA,NA,NA,NA,NA,NA,NA,NA,NA,NA,NA,NA,NA,NA,NA,NA,NA,NA,NA,NA,NA,NA,NA,NA,NA,NA,NA,NA,NA,NA,NA,NA,NA,NA,NA,NA,NA,NA,NA,NA,NA,NA,NA,NA,NA,NA,NA,NA,NA,NA,NA,NA,NA,NA,NA,NA,NA,NA,NA,NA,NA,NA,NA,NA,NA,NA,NA,NA,NA,NA,NA,NA,NA,NA,NA,NA,NA,NA,NA,NA,NA,NA,NA,NA,NA,NA,NA,NA,0.000208609555969602
